139274064441000,19793000,-1.1239767
139274083754000,19313000,-0.36308002
139274103341000,19587000,0.264246
139274122880000,19539000,0.03319931
139274142440000,19560000,-0.8648462
139274161993000,19553000,-1.3243408
139274181585000,19592000,-0.9641552
139274201538000,19953000,-0.012357712
139274220613000,19075000,0.17658138
139274240163000,19550000,0.15643787
139274259707000,19544000,-0.07324028
139274280519000,20812000,-0.5711975
139274301511000,20992000,-0.43792534
139274320924000,19413000,-0.16994
139274340416000,19492000,-0.38038445
139274359964000,19548000,-0.5529022
139274379576000,19612000,-0.28554058
139274401482000,21906000,-0.38133907
139274421047000,19565000,-0.57197
139274441578000,20531000,-0.5136137
139274462853000,21275000,-0.28306675
139274484635000,21782000,-0.43556786
139274504187000,19552000,-0.39703655
139274524096000,19909000,-0.3393755
139274543411000,19315000,-0.587183
139274568066000,24655000,-0.7196913
139274585709000,17643000,-0.64336395
139274604743000,19034000,-0.4912548
139274623874000,19131000,-0.37709808
139274643413000,19539000,-0.39605713
139274662987000,19574000,-0.47203255
139274682525000,19538000,-0.66327286
139274702076000,19551000,-0.6255102
139274721696000,19620000,-0.35836697
139274741302000,19606000,-0.18646908
139274761069000,19767000,-0.16688061
139274780353000,19284000,-0.3192129
139274799918000,19565000,-0.66353035
139274819469000,19551000,-0.39573097
139274839156000,19687000,-0.49174976
139274858718000,19562000,-0.4529419
139274878539000,19821000,-0.5283947
139274897977000,19438000,-0.7191248
139274918206000,20229000,-0.546443
139274937235000,19029000,-0.6038046
139274956618000,19383000,-0.64166355
139274976311000,19693000,-0.7945385
139274995922000,19611000,-0.6031542
139275015126000,19204000,-0.5079298
139275034808000,19682000,-0.25899887
139275056006000,21198000,-0.564847
139275074412000,18406000,-0.73728657
139275095705000,21293000,-0.39318275
139275115150000,19445000,-0.4701376
139275134777000,19627000,-0.46955013
139275154396000,19619000,-0.736948
139275173817000,19421000,-0.46908474
139275193729000,19912000,-0.35457802
139275213110000,19381000,-0.39293194
139275232680000,19570000,-0.48846054
139275252218000,19538000,-0.39247608
139275271845000,19627000,-0.39224434
139275291412000,19567000,-0.39182186
139275311589000,20177000,-0.8315611
139275330806000,19217000,-0.8315401
139275350050000,19244000,-0.60256577
139275369530000,19480000,-0.5658045
139275389088000,19558000,-0.10755539
139275408641000,19553000,0.17905807
139275428277000,19636000,-0.47120857
139275447839000,19562000,-0.911108
139275467960000,20121000,-0.6818266
139275487636000,19676000,-0.35678864
139275506414000,18778000,-0.45218468
139275525954000,19540000,-0.48958015
139275545510000,19556000,-0.67964745
139275565232000,19722000,-1.0425768
139275584732000,19500000,-0.9281931
139275611246000,26514000,-0.33664894
139275630874000,19628000,-0.27905178
139275650504000,19630000,-0.6418524
139275669962000,19458000,-0.50711155
139275689518000,19556000,-0.7564831
139275709081000,19563000,-0.6234989
139275728693000,19612000,-0.37543678
139275748255000,19562000,-0.22238445
139275767911000,19656000,-0.37476254
139275787483000,19572000,-0.6996279
139275807036000,19553000,-0.5276079
139275826751000,19715000,-0.2986269
139275846292000,19541000,-0.37599468
139275866525000,20233000,-0.26080894
139275885973000,19448000,-0.31720543
139275905639000,19666000,-0.3352766
139275924641000,19002000,-0.4685173
139275943902000,19261000,-0.506587
139275963449000,19547000,-0.65981007
139275983103000,19654000,-0.50651646
139276002664000,19561000,-0.4100237
139276022682000,20018000,-0.38963985
139276041867000,19185000,-0.63822365
139276061214000,19347000,-0.5044546
139276080762000,19548000,-0.6006775
139276101435000,20673000,-0.3331442
139276122143000,20708000,-0.16103077
139276141692000,19549000,-0.46639252
139276162484000,20792000,-0.5799284
139276181000000,18516000,-0.57986736
139276200368000,19368000,-0.52376556
139276220120000,19752000,-0.16084003
139276240094000,19974000,-0.12208271
139276259230000,19136000,-0.44657803
139276281045000,21815000,-0.6946182
139276300690000,19645000,-0.6181593
139276320186000,19496000,-0.4084654
139276339792000,19606000,-0.5231905
139276362448000,22656000,-0.3499756
139276381481000,19033000,-0.6739378
139276401296000,19815000,-0.4818163
139276420502000,19206000,-0.44415188
139276439940000,19438000,-0.5786314
139276459469000,19529000,-0.4445896
139276479006000,19537000,-0.3868494
139276498579000,19573000,-0.2909832
139276518106000,19527000,-0.5973778
139276542938000,24832000,-0.6170511
139276562361000,19423000,-0.34945965
139276581683000,19322000,-0.6745653
139276601577000,19894000,-0.55933285
139276620782000,19205000,-0.71236324
139276640312000,19530000,-0.4830475
139276659885000,19573000,-0.54078007
139276679446000,19561000,-0.50296783
139276699946000,20500000,-0.2924614
139276718913000,18967000,-0.44539833
139276738170000,19257000,-0.5795641
139276758778000,20608000,-0.7340479
139276777335000,18557000,-0.2764635
139276796802000,19467000,0.06733608
139276816385000,19583000,-0.14264011
139276835909000,19524000,-0.52441597
139276855703000,19794000,-0.8110657
139276875909000,20206000,-0.73572826
139276895127000,19218000,-0.48754787
139276914283000,19156000,-0.52538013
139276933635000,19352000,-0.69640064
139276953269000,19634000,-0.6380396
139276972807000,19538000,-0.71456146
139276992343000,19536000,-0.6195431
139277011959000,19616000,-0.46746445
139277032733000,20774000,-0.44923687
139277051878000,19145000,-0.37228107
139277070558000,18680000,-0.62083435
139277090159000,19601000,-0.54387665
139277109773000,19614000,-0.6589422
139277130096000,20323000,-0.5831318
139277151040000,20944000,-0.4690714
139277172852000,21812000,-0.27747154
139277192543000,19691000,-0.39201736
139277211938000,19395000,-0.3349104
139277231664000,19726000,-0.33541393
139277252147000,20483000,-0.37430096
139277270644000,18497000,-0.33627605
139277290172000,19528000,-0.41243076
139277309716000,19544000,-0.29668427
139277329528000,19812000,-0.73605156
139277349886000,20358000,-0.92684937
139277369702000,19816000,-0.8124409
139277388121000,18419000,-0.52593327
139277407573000,19452000,-0.23897171
139277427128000,19555000,-0.27692318
139277446665000,19537000,-0.29561996
139277466210000,19545000,-0.44824505
139277485984000,19774000,-0.7540026
139277505368000,19384000,-0.5235977
139277525783000,20415000,-0.3512249
139277544505000,18722000,-0.44664574
139277563948000,19443000,-0.752964
139277583481000,19533000,-0.868165
139277603022000,19541000,-0.8305435
139277622579000,19557000,-0.46671867
139277642235000,19656000,-0.4854536
139277663088000,20853000,-0.31381607
139277681014000,17926000,-0.27645302
139277700571000,19557000,-0.6598282
139277720112000,19541000,-0.77526665
139277739660000,19548000,-0.20150661
139277759407000,19747000,-0.33599377
139277778941000,19534000,-0.43173122
139277798566000,19625000,-0.58561325
139277818103000,19537000,-0.41401386
139277838188000,20085000,-0.43297386
139277857361000,19173000,-0.6050024
139277876626000,19265000,-0.43295765
139277896171000,19545000,-0.58667946
139277915725000,19554000,-0.47231674
139277935899000,20174000,-0.39594936
139277954878000,18979000,-0.30045986
139277974475000,19597000,-0.41539
139277994623000,20148000,-0.45353222
139278013714000,19091000,-0.45387363
139278032981000,19267000,-0.18657494
139278052631000,19650000,-0.26358032
139278072067000,19436000,-0.6079426
139278091699000,19632000,-0.6654606
139278111348000,19649000,-0.35962868
139278130768000,19420000,-0.43658257
139278150213000,19445000,-0.6089268
139278170135000,19922000,-0.5131941
139278189166000,19031000,-0.68558216
139278208707000,19541000,-0.8009052
139278228313000,19606000,-0.6489229
139278247863000,19550000,-0.17119503
139278267387000,19524000,-0.1520319
139278287192000,19805000,-0.3435316
139278307379000,20187000,-0.4584713
139278326664000,19285000,-0.38231182
139278345690000,19026000,-0.24833775
139278365261000,19571000,-0.42054367
139278384805000,19544000,-0.1908493
139278404376000,19571000,-0.0948267
139278423908000,19532000,-0.66879845
139278443511000,19603000,-0.80243397
139278463768000,20257000,-0.5538845
139278483184000,19416000,-0.51596737
139278502102000,18918000,-0.49714947
139278521620000,19518000,-0.30560112
139278541153000,19533000,-0.573246
139278560704000,19551000,-0.6497078
139278580251000,19547000,-0.63112736
139278599972000,19721000,-0.5357895
139278619477000,19505000,-0.32509518
139278639322000,19845000,-0.55409527
139278658731000,19409000,-0.41910744
139278682683000,23952000,-0.6295643
139278702229000,19546000,-0.40002346
139278721793000,19564000,-0.47642422
139278741336000,19543000,-0.49499416
139278760879000,19543000,-0.45600796
139278780842000,19963000,-0.49381447
139278800091000,19249000,-0.30228043
139278820411000,20320000,-0.339983
139278839311000,18900000,-0.43435192
139278858836000,19525000,-0.64334106
139278878362000,19526000,-0.62300396
139278897930000,19568000,-0.565155
139278917540000,19610000,-0.4695034
139278937087000,19547000,-0.50844955
139278957176000,20089000,-0.182724
139278976088000,18912000,-0.33441448
139278995659000,19571000,-0.75416946
139279015180000,19521000,-0.79258347
139279034752000,19572000,-0.4680872
139279054316000,19564000,-0.33457375
139279074019000,19703000,-0.25786877
139279093447000,19428000,-0.1795559
139279113591000,20144000,-0.69477654
139279132473000,18882000,-0.65544796
139279152036000,19563000,-0.46440983
139279171571000,19535000,-0.48431396
139279198271000,26700000,-0.21592617
139279217805000,19534000,-0.5783453
139279237343000,19538000,-0.6919575
139279256896000,19553000,-0.78763866
139279276430000,19534000,-0.44316196
139279296152000,19722000,-0.27079678
139279315842000,19690000,-0.6146202
139279336216000,20374000,-0.9385147
139279355296000,19080000,-0.8038578
139279374317000,19021000,-0.5941477
139279393889000,19572000,-0.11670971
139279413431000,19542000,-0.27043533
139279432985000,19554000,-0.3082018
139279452502000,19517000,-0.34519577
139279472613000,20111000,-0.823184
139279491680000,19067000,-0.575099
139279511654000,19974000,-0.46121216
139279530678000,19024000,-0.23148155
139279550226000,19548000,-0.2309351
139279569793000,19567000,-0.15377522
139279589325000,19532000,-0.42195225
139279609205000,19880000,-0.38458633
139279628637000,19432000,-0.2898531
139279648067000,19430000,-0.0790863
139279668158000,20091000,-0.5180502
139279689346000,21188000,-0.7658253
139279708900000,19554000,-0.6886902
139279728530000,19630000,-0.5934019
139279747993000,19463000,-0.63231564
139279767539000,19546000,-0.5369587
139279787357000,19818000,-0.3456459
139279806826000,19469000,-0.3263731
139279826346000,19520000,-0.34556198
139279845922000,19576000,-0.5570135
139279865592000,19670000,-0.42380905
139279885058000,19466000,-0.5391035
139279905180000,20122000,-0.38586235
139279924152000,18972000,-0.32773113
139279943667000,19515000,-0.5190058
139279963222000,19555000,-0.5189562
139279982767000,19545000,-0.4427557
139280002307000,19540000,-0.5776253
139280021948000,19641000,-0.29082394
139280042386000,20438000,-0.4240923
139280062161000,19775000,-0.4799776
139280080582000,18421000,-0.6129694
139280100064000,19482000,-0.70894814
139280119603000,19539000,-0.46114063
139280139138000,19535000,-0.38486004
139280158688000,19550000,-0.4612007
139280178419000,19731000,-0.26931667
139280198802000,20383000,-0.4036007
139280217494000,18692000,-0.46161747
139280236720000,19226000,-0.32792664
139280256248000,19528000,-0.48077297
139280275807000,19559000,-0.6139517
139280295346000,19539000,-0.67079353
139280314893000,19547000,-0.6520119
139280334534000,19641000,-0.65336704
139280354105000,19571000,-0.30980587
139280374430000,20325000,-0.48215294
139280393424000,18994000,-0.4808712
139280412843000,19419000,-0.48033237
139280432388000,19545000,-0.6339655
139280451943000,19555000,-0.4818554
139280471485000,19542000,-0.2724018
139280491197000,19712000,-0.17700958
139280510757000,19560000,-0.4435501
139280530685000,19928000,-0.6722574
139280549771000,19086000,-0.5766926
139280569241000,19470000,-0.61601543
139280588789000,19548000,-0.21425629
139280608340000,19551000,-0.2140007
139280627873000,19533000,-0.55784893
139280647628000,19755000,-0.48020744
139280668533000,20905000,-0.6131315
139280687287000,18754000,-0.59428406
139280706255000,18968000,-0.40371227
139280727033000,20778000,-0.23166275
139280744998000,17965000,-0.30772495
139280764557000,19559000,-0.5939598
139280784106000,19549000,-0.40189648
139280803669000,19563000,-0.51715755
139280823543000,19874000,-0.6324463
139280843340000,19797000,-0.5363817
139280862724000,19384000,-0.44007874
139280882021000,19297000,-0.70739937
139280901590000,19569000,-0.7453985
139280921128000,19538000,-0.6117296
139280940695000,19567000,-0.5358734
139280960320000,19625000,-0.07671833
139280979634000,19314000,-0.28679943
139280999166000,19532000,-0.41942596
139281018734000,19568000,-0.7451782
139281038269000,19535000,-0.45877457
139281057819000,19550000,-0.21050453
139281077369000,19550000,-0.24878216
139281096922000,19553000,-0.5737896
139281116476000,19554000,-0.4969225
139281136132000,19656000,-0.70743847
139281155886000,19754000,-0.63116837
139281175214000,19328000,-0.40167046
139281194872000,19658000,-0.4785223
139281214439000,19567000,-0.38283253
139281240752000,26313000,-0.32470417
139281259275000,18523000,-0.47715378
139281280251000,20976000,-0.5914297
139281299802000,19551000,-0.41935062
139281319356000,19554000,-0.57269573
139281338908000,19552000,-0.36188316
139281358457000,19549000,-0.5722704
139281378475000,20018000,-0.70639706
139281397686000,19211000,-0.64942646
139281417339000,19653000,-0.6118078
139281436870000,19531000,-0.30592346
139281456420000,19550000,-0.40181255
139281475985000,19565000,-0.5549679
139281495517000,19532000,-0.5167303
139281516494000,20977000,-0.61247253
139281534742000,18248000,-0.5746107
139281554728000,19986000,-0.4224062
139281573718000,18990000,-0.15545082
139281593291000,19573000,-0.15516663
139281612845000,19554000,-0.4604969
139281632396000,19551000,-0.47894382
139281651959000,19563000,-0.4786873
139281671627000,19668000,-0.4211092
139281691976000,20349000,-0.2489748
139281711190000,19214000,-0.38253498
139281730201000,19011000,-0.5350914
139281752007000,21806000,-0.40064812
139281774479000,22472000,-0.4583063
139281793553000,19074000,-0.573205
139281813108000,19555000,-0.707325
139281832670000,19562000,-0.57397556
139281853966000,21296000,-0.3062296
139281872449000,18483000,-0.4393711
139281891791000,19342000,-0.5533905
139281911059000,19268000,-0.4567585
139281930620000,19561000,-0.5131798
139281950172000,19552000,-0.8959007
139281969814000,19642000,-0.6477747
139281989349000,19535000,-0.32342625
139282009575000,20226000,0.15502453
139282028840000,19265000,-0.41715622
139282047923000,19083000,-0.8944826
139282067505000,19582000,-0.72208786
139282087064000,19559000,-0.49312878
139282106631000,19567000,-0.49405003
139282126261000,19630000,-0.437335
139282145874000,19613000,-0.18876934
139282166041000,20167000,-0.41739464
139282185247000,19206000,-0.55067635
139282204584000,19337000,-0.7049093
139282223898000,19314000,-0.2855301
139282243499000,19601000,-0.1719513
139282263038000,19539000,-0.24874115
139282283179000,20141000,-0.4390869
139282304424000,21245000,-0.8203716
139282323944000,19520000,-0.7251377
139282343494000,19550000,-0.38162422
139282363048000,19554000,-0.2860937
139282382619000,19571000,-0.4002838
139282402572000,19953000,-0.62897587
139282422113000,19541000,-0.62905216
139282441446000,19333000,-0.5332308
139282461147000,19701000,-0.5521126
139282480630000,19483000,-0.62862873
139282500177000,19547000,-0.5516596
139282519995000,19818000,-0.589715
139282539376000,19381000,-0.58948994
139282559597000,20221000,-0.5316391
139282578684000,19087000,-0.47430038
139282597980000,19296000,-0.43599987
139282617404000,19424000,-0.49354458
139282636954000,19550000,-0.35939503
139282656502000,19548000,-0.39765835
139282676162000,19660000,-0.39738083
139282695722000,19560000,-0.378129
139282715861000,20139000,-0.6462345
139282735103000,19242000,-0.5697737
139282754300000,19197000,-0.32041073
139282773647000,19347000,-0.47334957
139282796101000,22454000,-0.5498018
139282815154000,19053000,-0.5691385
139282834717000,19563000,-0.37803078
139282854268000,19551000,-0.35902786
139282874013000,19745000,-0.45426846
139282893533000,19520000,-0.5112257
139282913199000,19666000,-0.18486977
139282932801000,19602000,-0.6435995
139282952945000,20144000,-0.7968149
139282972149000,19204000,-0.5675411
139282991289000,19140000,-0.56818104
139283010846000,19557000,-0.60755634
139283030533000,19687000,-0.47417927
139283049985000,19452000,-0.3398695
139283069610000,19625000,-0.4154911
139283089224000,19614000,-0.35836315
139283109546000,20322000,-0.37909794
139283128479000,18933000,-0.28417015
139283147714000,19235000,-0.30286217
139283167252000,19538000,-0.2832489
139283186816000,19564000,-0.4747715
139283206351000,19535000,-0.57090664
139283226417000,20066000,-0.6482439
139283245956000,19539000,-0.57354164
139283265815000,19859000,-0.1727581
139283284851000,19036000,-0.07726002
139283307319000,22468000,-0.401474
139283326231000,18912000,-0.6492634
139283345579000,19348000,-0.5908079
139283365045000,19466000,-0.68652725
139283384593000,19548000,-0.28517818
139283404335000,19742000,-0.17030525
139283423898000,19563000,-0.6668339
139283443423000,19525000,-0.8952446
139283463064000,19641000,-0.58863163
139283482662000,19598000,-0.20668888
139283502800000,20138000,0.080041885
139283522024000,19224000,0.17539883
139283541142000,19118000,0.25266075
139283560720000,19578000,-0.62647057
139283580266000,19546000,-0.52909565
139283599828000,19562000,-0.7196865
139283619445000,19617000,-0.7962961
139283639080000,19635000,-0.52857685
139283659214000,20134000,-0.49162102
139283678450000,19236000,-0.091555595
139283697636000,19186000,-0.11217117
139283717074000,19438000,-0.30465508
139283736679000,19605000,-0.40115643
139283756195000,19516000,-0.30661964
139283775874000,19679000,-0.002254486
139283795143000,19269000,0.16836548
139283814684000,19541000,-0.3505764
139283834215000,19531000,-0.46774387
139283853775000,19560000,-0.5848961
139283873318000,19543000,-0.8357611
139283894441000,21123000,-0.76193714
139283912620000,18179000,-0.72730255
139283932166000,19546000,-0.61663914
139283951826000,19660000,-0.40991497
139283972018000,20192000,0.04612732
139283991331000,19313000,0.7530117
139284010314000,18983000,0.9249201
139284029889000,19575000,0.025218964
139284049436000,19547000,-0.26110077
139284068992000,19556000,-0.6819525
139284088532000,19540000,-0.5479326
139284108189000,19657000,-0.47112083
139284127705000,19516000,-0.45095062
139284147753000,20048000,-0.60332394
139284166706000,18953000,-0.98629856
139284186285000,19579000,-0.9106245
139284205835000,19550000,-0.7584114
139284225443000,19608000,-0.31875134
139284244990000,19547000,-0.58738136
139284264576000,19586000,-0.70240974
139284284091000,19515000,-0.72073174
139284304195000,20104000,-0.9302845
139284327863000,23668000,-0.70056915
139284347394000,19531000,-0.29908848
139284366956000,19562000,-0.3185358
139284386505000,19549000,-0.5098057
139284406055000,19550000,-0.7194586
139284425961000,19906000,-0.8907728
139284445515000,19554000,-0.87110806
139284465178000,19663000,-0.7562933
139284484456000,19278000,-0.39284992
139284504173000,19717000,-0.33561707
139284523603000,19430000,-0.6622915
139284543234000,19631000,-0.70309925
139284563152000,19918000,-0.647295
139284582485000,19333000,-0.45596695
139284602624000,20139000,-0.015693665
139284621742000,19118000,0.21295452
139284640919000,19177000,-0.17023277
139284660425000,19506000,-0.9541826
139284679979000,19554000,-1.5653973
139284699539000,19560000,-1.5459347
139284719160000,19621000,-1.2211752
139284738743000,19583000,-0.6092596
139284758931000,20188000,-0.07376099
139284778104000,19173000,0.00288105
139284797317000,19213000,-0.2840023
139284816953000,19636000,-0.7811918
139284838426000,21473000,-0.81838894
139284857185000,18759000,-0.7792845
139284877715000,20530000,-0.58641624
139284897251000,19536000,-0.5090771
139284916799000,19548000,-0.64159584
139284936351000,19552000,-0.6968212
139284955890000,19539000,-0.656847
139284975562000,19672000,-0.57943535
139284995387000,19825000,-0.3306799
139285015226000,19839000,-0.46448994
139285034265000,19039000,-0.6940603
139285053816000,19551000,-0.905509
139285073604000,19788000,-1.0024414
139285092941000,19337000,-0.7542219
139285112499000,19558000,-0.46818066
139285132187000,19688000,-0.87253475
139285152520000,20333000,-0.9151926
139285171530000,19010000,-0.15145302
139285190664000,19134000,0.5180025
139285210337000,19673000,0.47966576
139285229753000,19416000,0.07778835
139285249614000,19861000,-0.47733307
139285270053000,20439000,-0.5345917
139285288734000,18681000,-0.1128149
139285308900000,20166000,-0.11195564
139285327978000,19078000,-0.20640564
139285347054000,19076000,-0.722002
139285366425000,19371000,-0.81634045
139285385981000,19556000,-0.5281935
139285405520000,19539000,-0.2402296
139285425066000,19546000,-0.7374735
139285444625000,19559000,-0.46860313
139285464461000,19836000,-0.12201023
139285484615000,20154000,-0.3115549
139285503456000,18841000,-0.6550722
139285523000000,19544000,-0.5966568
139285542562000,19562000,-0.4804659
139285562105000,19543000,-0.5542393
139285581642000,19537000,-0.9534092
139285601386000,19744000,-0.97099686
139285620870000,19484000,-0.8752909
139285640968000,20098000,-1.2782726
139285659848000,18880000,-1.7403374
139285679352000,19504000,-1.0167656
139285698956000,19604000,0.45456123
139285718474000,19518000,0.79700184
139285738016000,19542000,-0.7555628
139285757752000,19736000,-1.4841747
139285777289000,19537000,-0.43132782
139285797107000,19818000,0.3738079
139285816269000,19162000,0.29874516
139285836052000,19783000,0.28224564
139285855106000,19054000,-0.34811306
139285874890000,19784000,-0.51994324
139285896652000,21762000,-0.34727097
139285916195000,19543000,-0.423131
139285935797000,19602000,-0.49833775
139285955419000,19622000,-0.6501951
139285974899000,19480000,-0.78387547
139285994754000,19855000,-0.9373512
139286014294000,19540000,-0.78358555
139286034332000,20038000,-0.41849422
139286053364000,19032000,-0.49372673
139286072576000,19212000,-0.58927727
139286092109000,19533000,-0.590024
139286111651000,19542000,-0.62998295
139286131258000,19607000,-0.2294054
139286150843000,19585000,-0.344491
139286170440000,19597000,-0.47767162
139286190602000,20162000,-0.5717068
139286209777000,19175000,-0.34101868
139286229115000,19338000,-0.24430466
139286248680000,19565000,-0.37724686
139286268229000,19549000,-0.60574436
139286287775000,19546000,-0.45199776
139286307378000,19603000,-0.66335106
139286327025000,19647000,-0.58750343
139286349821000,22796000,-0.41471004
139286368215000,18394000,-0.45202732
139286387777000,19562000,-0.6615677
139286407323000,19546000,-0.46965504
139286426845000,19522000,-0.69939804
139286447344000,20499000,-0.6228695
139286466096000,18752000,-0.3929758
139286485629000,19533000,-0.39278126
139286505165000,19536000,-0.2974987
139286524712000,19547000,-0.3749094
139286544626000,19914000,-0.4901533
139286565151000,20525000,-0.43243694
139286584110000,18959000,-0.24054432
139286603222000,19112000,-0.5080509
139286622411000,19189000,-0.679863
139286641976000,19565000,-0.67983055
139286661517000,19541000,-0.31593227
139286681042000,19525000,-0.60300446
139286700687000,19645000,-0.6594448
139286720285000,19598000,-0.9454117
139286740453000,20168000,-0.94504166
139286759669000,19216000,0.12758541
139286778748000,19079000,-0.40744877
139286798322000,19574000,-0.19817924
139286817865000,19543000,-0.15993881
139286837385000,19520000,-0.61687565
139286857067000,19682000,-0.8633213
139286877016000,19949000,-0.5940647
139286895890000,18874000,-0.68902683
139286915402000,19512000,-0.7847986
139286934940000,19538000,-0.61340714
139286954479000,19539000,-0.51772404
139286974293000,19814000,-0.95760727
139286993653000,19360000,-0.84279156
139287013161000,19508000,-0.6142235
139287032957000,19796000,-0.5959635
139287053191000,20234000,-0.76927567
139287072415000,19224000,-0.77048683
139287091460000,19045000,-0.54194355
139287111228000,19768000,-0.46701145
139287130570000,19342000,-0.43056583
139287150270000,19700000,-0.2790146
139287169956000,19686000,-0.3951578
139287189375000,19419000,-0.089138985
139287208873000,19498000,-0.16557312
139287228918000,20045000,-0.3758421
139287247885000,18967000,-0.528985
139287267387000,19502000,-0.22230816
139287286928000,19541000,-0.10670376
139287306472000,19544000,-0.43079662
139287326039000,19567000,-0.678175
139287345732000,19693000,-0.773304
139287365281000,19549000,-0.60196877
139287388108000,22827000,-0.1633215
139287409075000,20967000,-0.45145607
139287428608000,19533000,-0.7580185
139287448153000,19545000,-0.6440077
139287467536000,19383000,-0.051706314
139287487041000,19505000,0.21633148
139287506587000,19546000,-0.6255722
139287526146000,19559000,-0.85538197
139287545685000,19539000,-0.53045654
139287565446000,19761000,-0.10943699
139287585025000,19579000,-0.22455788
139287604538000,19513000,-0.41586494
139287624046000,19508000,-0.5691843
139287643588000,19542000,-0.66620636
139287663328000,19740000,-0.34188557
139287682848000,19520000,-0.41845703
139287702973000,20125000,-0.39880753
139287721829000,18856000,-0.55188465
139287741288000,19459000,-0.5142021
139287760833000,19545000,-0.47689247
139287780378000,19545000,-0.32408333
139287800226000,19848000,-0.32406807
139287819697000,19471000,-0.419487
139287839141000,19444000,-0.38075542
139287859190000,20049000,-0.51449394
139287878335000,19145000,-0.4760151
139287897642000,19307000,-0.15061855
139287917177000,19535000,-0.11258221
139287939987000,22810000,-0.36039925
139287959028000,19041000,-0.41624928
139287978101000,19073000,-0.5874195
139287997637000,19536000,-0.5300646
139288017180000,19543000,-0.31991386
139288036711000,19531000,-0.41549587
139288056267000,19556000,-0.62489414
139288076032000,19765000,-0.5282402
139288096183000,20151000,-0.528265
139288115414000,19231000,-0.56725883
139288134600000,19186000,-0.7024212
139288154160000,19560000,-0.45389462
139288173706000,19546000,-0.68255615
139288193259000,19553000,-0.7767887
139288212847000,19588000,-0.8916874
139288232424000,19577000,-0.5107374
139288252612000,20188000,-0.11067867
139288271738000,19126000,-0.24528599
139288291165000,19427000,-0.3791361
139288310523000,19358000,-0.3027544
139288330069000,19546000,-0.628602
139288349606000,19537000,-0.5521383
139288369240000,19634000,-0.6672745
139288388806000,19566000,-0.5524359
139288409006000,20200000,-0.47575283
139288428103000,19097000,-0.34157276
139288447295000,19192000,-0.5525036
139288466948000,19653000,-0.725214
139288488938000,21990000,-0.3808422
139288510073000,21135000,-0.6105566
139288527741000,17668000,-0.28516483
139288547286000,19545000,-0.39993763
139288566827000,19541000,-0.49522877
139288586431000,19604000,-0.5718584
139288606045000,19614000,-0.4574871
139288625865000,19820000,-0.36228848
139288646014000,20149000,-0.3433752
139288665242000,19228000,-0.1517458
139288684303000,19061000,-0.6874237
139288703835000,19532000,-0.591856
139288723382000,19547000,-0.5737572
139288742922000,19540000,-0.40140438
139288762480000,19558000,-0.6113262
139288782103000,19623000,-0.5155029
139288801650000,19547000,-0.5544205
139288821670000,20020000,-0.6312866
139288840730000,19060000,-0.59339905
139288860162000,19432000,-0.49835205
139288879737000,19575000,-0.4607172
139288899294000,19557000,-0.3654089
139288918828000,19534000,-0.518775
139288938531000,19703000,-0.6529026
139288958050000,19519000,-0.6728182
139288978087000,20037000,-0.6927185
139288997322000,19235000,-0.6935625
139289016617000,19295000,-0.67565346
139289037653000,21036000,-0.5239191
139289055436000,17783000,-0.46764946
139289074968000,19532000,-0.7366028
139289094531000,19563000,-0.73722935
139289114074000,19543000,-0.5653467
139289134271000,20197000,-0.16393661
139289153213000,18942000,-0.030379295
139289172761000,19548000,-0.20282936
139289192963000,20202000,-0.04958439
139289212371000,19408000,0.12279701
139289232303000,19932000,0.0077905655
139289251154000,18851000,-0.24137688
139289270609000,19455000,-0.33732033
139289290741000,20132000,-0.41373634
139289309920000,19179000,-0.375062
139289329201000,19281000,-0.4130869
139289348773000,19572000,-0.4125347
139289368335000,19562000,-0.5652828
139289387860000,19525000,-0.33489227
139289407456000,19596000,-0.39122772
139289427024000,19568000,-0.6580162
139289447151000,20127000,-0.52303123
139289466351000,19200000,-0.4648428
139289485535000,19184000,-0.57897186
139289505100000,19565000,-0.52135754
139289528019000,22919000,-0.4252329
139289546450000,18431000,-0.21408176
139289565967000,19517000,-0.5771618
139289585505000,19538000,-0.6919565
139289605048000,19543000,-0.34751034
139289624585000,19537000,0.07394886
139289644115000,19530000,-0.21252918
139289665052000,20937000,-0.53725433
139289683815000,18763000,-0.59434414
139289703274000,19459000,-0.7468815
139289722451000,19177000,-1.0340118
139289742018000,19567000,-0.8240471
139289761566000,19548000,-0.9205208
139289781092000,19526000,-0.8638973
139289800637000,19545000,-0.65404415
139289820330000,19693000,-0.55861473
139289840064000,19734000,-0.6546078
139289859997000,19933000,-0.5403061
139289879929000,19932000,-0.84760284
139289898381000,18452000,-0.42770863
139289917910000,19529000,-0.08440399
139289937438000,19528000,-0.14281464
139289956994000,19556000,-0.18170738
139289976599000,19605000,-0.29725552
139289996970000,20371000,-0.20252419
139290016206000,19236000,-0.27966118
139290035199000,18993000,-0.01183033
139290062754000,27555000,-0.3183689
139290083852000,21098000,-0.4908619
139290103359000,19507000,-0.28009224
139290122895000,19536000,-0.22237873
139290142484000,19589000,-0.5858574
139290162161000,19677000,-0.7773037
139290182134000,19973000,-0.45170116
139290201238000,19104000,-0.2983265
139290220811000,19573000,-0.35538578
139290240346000,19535000,-0.48891068
139290259902000,19556000,-0.56528187
139290279512000,19610000,-0.37368202
139290299078000,19566000,-0.6415081
139290319273000,20195000,-0.71796227
139290338553000,19280000,-0.5646992
139290357574000,19021000,-0.56474876
139290377147000,19573000,-0.71811485
139290396693000,19546000,-0.58432674
139290416235000,19542000,-0.48874187
139290435779000,19544000,-0.6034336
139290455398000,19619000,-0.79499054
139290474918000,19520000,-0.68067455
139290495031000,20113000,-0.6045704
139290514443000,19412000,-0.37504768
139290533470000,19027000,-0.49028778
139290553030000,19560000,-0.6820574
139290572401000,19371000,-0.6822176
139290591951000,19550000,-0.54863644
139290611487000,19536000,-0.41514397
139290631243000,19756000,-0.30082417
139290650577000,19334000,-0.12878895
139290670462000,19885000,-0.28213978
139290689954000,19492000,-0.24363899
139290709468000,19514000,-0.3968134
139290729342000,19874000,-0.49270535
139290749788000,20446000,-0.45451832
139290768248000,18460000,-0.51191044
139290787754000,19506000,-0.58841705
139290807805000,20051000,-0.5308142
139290826802000,18997000,-0.4156494
139290846206000,19404000,-0.5114107
139290865742000,19536000,-0.4541483
139290885287000,19545000,-0.41579247
139290904841000,19554000,-0.5688286
139290924424000,19583000,-0.64545536
139290943926000,19502000,-0.5306816
139290964023000,20097000,-0.3962946
139290983237000,19214000,-0.45346737
139291002527000,19290000,-0.53005695
139291022094000,19567000,-0.6067705
139291041649000,19555000,-0.4343872
139291062436000,20787000,-0.3957157
139291083178000,20742000,-0.52969265
139291103478000,20300000,-0.24241829
139291122093000,18615000,-0.3380289
139291141614000,19521000,-0.5486126
139291161178000,19564000,-0.47168922
139291180745000,19567000,-0.52874184
139291200584000,19839000,-0.4707489
139291220155000,19571000,-0.6619425
139291239829000,19674000,-0.6233406
139291259096000,19267000,-0.8529463
139291278649000,19553000,-0.43141937
139291298167000,19518000,-0.35450077
139291317767000,19600000,-0.48792267
139291337381000,19614000,-0.35337353
139291356948000,19567000,-0.352767
139291377455000,20507000,-0.29457855
139291396825000,19370000,-0.61942863
139291415499000,18674000,-0.73343945
139291434991000,19492000,-0.6368952
139291454540000,19549000,-0.4064331
139291474174000,19634000,-0.17627048
139291493723000,19549000,-0.40555477
139291513886000,20163000,-0.63419914
139291533142000,19256000,-0.766984
139291552258000,19116000,-0.78567696
139291571817000,19559000,-0.5564861
139291591182000,19365000,-0.34605312
139291610714000,19532000,-0.42221642
139291630250000,19536000,-0.57459545
139291649830000,19580000,-0.650733
139291669398000,19568000,-0.44048214
139291689589000,20191000,-0.3451681
139291708599000,19010000,-0.36445236
139291728155000,19556000,-0.5555105
139291747710000,19555000,-0.63188076
139291767283000,19573000,-0.70893764
139291787055000,19772000,-0.5181141
139291806407000,19352000,-0.42293262
139291825967000,19560000,-0.44217968
139291845911000,19944000,-0.57628155
139291864940000,19029000,-0.5190468
139291884495000,19555000,-0.5578537
139291904067000,19572000,-0.38617706
139291923565000,19498000,-0.1568079
139291943521000,19956000,-0.13756466
139291962487000,18966000,-0.65418243
139291982462000,19975000,-0.51977634
139292001567000,19105000,-0.44293594
139292021180000,19613000,-0.48159695
139292040727000,19547000,-0.53961754
139292060282000,19555000,-0.36739635
139292079836000,19554000,-0.3482809
139292099343000,19507000,-0.5208168
139292121352000,22009000,-0.44451523
139292140895000,19543000,-0.5215063
139292160424000,19529000,-0.7130604
139292179950000,19526000,-0.59847736
139292202026000,22076000,-0.3690424
139292219334000,17308000,-0.4645481
139292239401000,20067000,-0.34931564
139292258325000,18924000,-0.3115282
139292277886000,19561000,-0.2163496
139292297340000,19454000,-0.1971674
139292316903000,19563000,-0.56093407
139292336460000,19557000,-0.4267435
139292356161000,19701000,-0.6372824
139292375730000,19569000,-0.56044674
139292395621000,19891000,-0.6181364
139292414738000,19117000,-0.52229595
139292434131000,19393000,-0.40684986
139292453694000,19563000,-0.5213003
139292473234000,19540000,-0.3300457
139292492779000,19545000,-0.5600529
139292512398000,19619000,-0.7702656
139292531998000,19600000,-0.44420052
139292552050000,20052000,-0.50163555
139292571142000,19092000,-0.5019684
139292590949000,19807000,-0.2918787
139292609800000,18851000,-0.3305235
139292629367000,19567000,-0.3301611
139292648883000,19516000,-0.46361828
139292668458000,19575000,-0.4635687
139292687995000,19537000,-0.23415661
139292707712000,19717000,-0.25341034
139292727058000,19346000,-0.40650845
139292746593000,19535000,-0.6937628
139292766320000,19727000,-0.61734295
139292785869000,19549000,-0.6749191
139292805413000,19544000,-0.61764526
139292825048000,19635000,-0.56026554
139292844539000,19491000,-0.34972286
139292864783000,20244000,-0.54136086
139292884101000,19318000,-0.52205944
139292903121000,19020000,-0.10073185
139292922634000,19513000,-0.23491192
139292942179000,19545000,-0.40765476
139292961709000,19530000,-0.65658
139292981250000,19541000,-0.48375893
139293000885000,19635000,-0.5601511
139293021308000,20423000,-0.5984497
139293041096000,19788000,-0.57920074
139293059632000,18536000,-0.3301859
139293078931000,19299000,-0.29158306
139293099211000,20280000,-0.52083397
139293117853000,18642000,-0.5588608
139293137381000,19528000,-0.40576744
139293156939000,19558000,-0.5969467
139293176482000,19543000,-0.539032
139293197504000,21022000,-0.59630775
139293216502000,18998000,-0.5774126
139293236138000,19636000,-0.30944157
139293254804000,18666000,-0.29015064
139293274351000,19547000,-0.38594913
139293293890000,19539000,-0.30958462
139293313531000,19641000,-0.44329357
139293333038000,19507000,-0.48096466
139293353173000,20135000,-0.3651905
139293372366000,19193000,-0.38375568
139293391582000,19216000,-0.5559921
139293411154000,19572000,-0.5368109
139293430703000,19549000,-0.4790783
139293450244000,19541000,-0.66985035
139293469840000,19596000,-0.80344296
139293489456000,19616000,-0.5736265
139293509555000,20099000,-0.6314726
139293528728000,19173000,-0.28693295
139293547941000,19213000,-0.30586433
139293567506000,19565000,-0.45840836
139293587051000,19545000,-0.45763493
139293606595000,19544000,-0.61098003
139293631097000,24502000,-0.34340382
139293650385000,19288000,-0.45790958
139293669946000,19561000,-0.2841015
139293689468000,19522000,-0.39805508
139293709007000,19539000,-0.5123081
139293728744000,19737000,-0.4162531
139293748279000,19535000,-0.7221174
139293767838000,19559000,-0.77866745
139293787422000,19584000,-0.58616066
139293806995000,19573000,-0.4315424
139293827153000,20158000,-0.4680605
139293846939000,19786000,-0.73588085
139293865514000,18575000,-0.71729374
139293885079000,19565000,-0.5838356
139293904635000,19556000,-0.46947575
139293924182000,19547000,-0.23945999
139293943817000,19635000,-0.46821785
139293963355000,19538000,-0.73533726
139293982884000,19529000,-0.717288
139294003039000,20155000,-0.73748684
139294022438000,19399000,-0.6605768
139294041459000,19021000,-0.6205492
139294060972000,19513000,-0.67666626
139294080462000,19490000,-0.6569023
139294100036000,19574000,-0.75200844
139294122602000,22566000,-0.46442413
139294141371000,18769000,-0.6754408
139294160887000,19516000,-0.52309513
139294180436000,19549000,-0.46662426
139294199980000,19544000,-0.4480772
139294219796000,19816000,-0.2951765
139294239814000,20018000,-0.41085625
139294258917000,19103000,-0.75674057
139294278332000,19415000,-0.9491348
139294297875000,19543000,-0.39425945
139294317431000,19556000,-0.29830074
139294336974000,19543000,-0.3166256
139294356654000,19680000,-0.43069077
139294376187000,19533000,-0.85264874
139294396252000,20065000,-1.1021395
139294419987000,23735000,-0.7571535
139294439669000,19682000,-0.21970272
139294459859000,20190000,-0.12259197
139294478470000,18611000,-0.19907951
139294497963000,19493000,-0.44963932
139294517525000,19562000,-0.7767458
139294537188000,19663000,-0.6625452
139294556600000,19412000,-0.3553524
139294576216000,19616000,-0.47009945
139294595740000,19524000,-0.5855274
139294615617000,19877000,-0.8346119
139294634845000,19228000,-0.91050625
139294656833000,21988000,-0.83299065
139294676360000,19527000,-0.65967464
139294696066000,19706000,-1.1367006
139294715618000,19552000,-1.3268566
139294735128000,19510000,-0.9817076
139294754870000,19742000,-0.6354456
139294774367000,19497000,-0.36417675
139294794301000,19934000,-0.016505241
139294813397000,19096000,0.36916542
139294833103000,19706000,0.48757076
139294852569000,19466000,0.7200165
139294872198000,19629000,0.9708166
139294892437000,20239000,1.319726
139294911407000,18970000,1.3440676
139294930707000,19300000,0.60895634
139294950358000,19651000,0.44385147
139294969830000,19472000,0.22211075
139294989124000,19294000,0.15552235
139295008500000,19376000,-0.28991985
139295028040000,19540000,-0.9828739
139295047578000,19538000,0.18838692
139295067145000,19567000,1.5736542
139295086691000,19546000,0.7347975
139295107047000,20356000,-1.1929178
139295125836000,18789000,-1.7948179
139295145392000,19556000,-1.2039375
139295164922000,19530000,-0.6452999
139295184479000,19557000,-1.0437832
139295204007000,19528000,-1.5037298
139295223746000,19739000,-1.4308491
139295243388000,19642000,-0.992733
139295263468000,20080000,-0.8589821
139295283053000,19585000,-1.1857214
139295301897000,18844000,-1.1313171
139295321410000,19513000,-0.75281906
139295340962000,19552000,-0.33486176
139295360500000,19538000,-0.16426277
139295380140000,19640000,-0.41427612
139295399724000,19584000,-0.7608805
139295419205000,19481000,-1.1674156
139295438909000,19704000,-1.1530666
139295458601000,19692000,-0.79312515
139295477949000,19348000,-0.5259743
139295497967000,20018000,-1.0987177
139295516877000,18910000,-1.6327839
139295536460000,19583000,-1.7852936
139295556050000,19590000,-1.5569553
139295576262000,20212000,-0.4482069
139295595541000,19279000,-0.3904915
139295614616000,19075000,-0.61974525
139295636144000,21528000,-0.8304014
139295656061000,19917000,-0.8507128
139295675437000,19376000,-1.0043058
139295694972000,19535000,-0.73581696
139295714525000,19553000,-0.1409998
139295734073000,19548000,-0.06272888
139295753820000,19747000,-0.022001266
139295773362000,19542000,-0.09674454
139295793022000,19660000,0.22928143
139295812510000,19488000,1.1480246
139295832625000,20115000,1.7223511
139295851498000,18873000,1.3191977
139295871035000,19537000,0.7609873
139295890582000,19547000,0.6383867
139295910102000,19520000,1.5270901
139295929585000,19483000,1.9196339
139295949059000,19474000,1.4552679
139295968726000,19667000,-0.4590664
139295988113000,19387000,-1.6240864
139296007691000,19578000,-1.389636
139296027282000,19591000,-1.0577288
139296046833000,19551000,-1.0660391
139296066388000,19555000,-1.3777285
139296085915000,19527000,-1.5595093
139296105470000,19555000,-1.4623594
139296125098000,19628000,-1.0270824
139296144750000,19652000,-0.4547224
139296164223000,19473000,-0.2999668
139296187267000,23044000,-0.6028862
139296203166000,15899000,-1.233757
139296222688000,19522000,-1.5971432
139296242212000,19524000,-1.654315
139296261800000,19588000,-1.6912527
139296281538000,19738000,-1.4022799
139296301658000,20120000,-0.9026842
139296320927000,19269000,-0.88334846
139296340097000,19170000,-0.8654938
139296359608000,19511000,-1.0595016
139296379150000,19542000,-0.8902693
139296398689000,19539000,-0.20266151
139296418295000,19606000,-0.4114189
139296437877000,19582000,-0.92401886
139296458029000,20152000,-1.035409
139296477220000,19191000,-0.7661457
139296496444000,19224000,-0.17024708
139296515970000,19526000,0.35124397
139296535501000,19531000,0.98883915
139296555032000,19531000,1.1854486
139296574997000,19965000,0.71009254
139296594387000,19390000,0.3288002
139296614585000,20198000,0.8064232
139296633567000,18982000,1.5883732
139296652816000,19249000,2.0044308
139296674585000,21769000,2.016387
139296694350000,19765000,0.78254795
139296713641000,19291000,-0.8373251
139296733181000,19540000,-1.2139635
139296752721000,19540000,-1.0121965
139296772256000,19535000,-1.1307354
139296791882000,19626000,-1.2470455
139296811426000,19544000,-1.0573902
139296831013000,19587000,-0.6767216
139296851348000,20335000,-0.43029785
139296871321000,19973000,-0.69994736
139296889701000,18380000,-1.1602726
139296909217000,19516000,-1.5621862
139296928790000,19573000,-1.6195536
139296948344000,19554000,-1.2756023
139296967887000,19543000,-0.70234203
139296987468000,19581000,-0.6456957
139297007057000,19589000,-1.0292797
139297027087000,20030000,-1.3165913
139297046048000,18961000,-1.0674601
139297065583000,19535000,-1.2199821
139297085122000,19539000,-1.4106131
139297104675000,19553000,-1.5249691
139297124201000,19526000,-0.94969654
139297143995000,19794000,-0.44945717
139297165726000,21731000,-0.84625626
139297186320000,20594000,-0.8434324
139297204612000,18292000,-0.19151115
139297224182000,19570000,0.24875641
139297243710000,19528000,0.6330099
139297263254000,19544000,0.9234009
139297284160000,20906000,0.87075424
139297302538000,18378000,-0.11932087
139297322067000,19529000,-0.24769402
139297341616000,19549000,0.7347536
139297361152000,19536000,1.6979475
139297380916000,19764000,1.8326883
139297400461000,19545000,1.8988438
139297420687000,20226000,1.2947483
139297439743000,19056000,0.11868858
139297459148000,19405000,-1.3604136
139297478209000,19061000,-1.9553375
139297497753000,19544000,-1.3215094
139297517302000,19549000,-1.1043348
139297536849000,19547000,-1.5169458
139297556419000,19570000,-1.5682697
139297575957000,19538000,-1.1252308
139297595948000,19991000,-0.79889774
139297615188000,19240000,-0.5868597
139297634765000,19577000,-0.815753
139297654291000,19526000,-1.3530455
139297673846000,19555000,-1.8929234
139297697100000,23254000,-1.9364262
139297715175000,18075000,-1.5359955
139297734725000,19550000,-1.2655716
139297754247000,19522000,-1.2610054
139297773868000,19621000,-1.2385092
139297793396000,19528000,-1.0274086
139297814933000,21537000,-0.5884371
139297833579000,18646000,-0.5888672
139297852114000,18535000,-0.78026295
139297871685000,19571000,-0.64589214
139297891234000,19549000,-0.5310459
139297910758000,19524000,-0.1298933
139297930393000,19635000,0.3484621
139297949992000,19599000,0.7328348
139297969887000,19895000,1.3861313
139297989635000,19748000,1.7516365
139298008672000,19037000,1.1224356
139298028706000,20034000,-0.2329979
139298048581000,19875000,-0.5739584
139298067066000,18485000,0.11571121
139298086439000,19373000,1.3740349
139298106010000,19571000,2.458768
139298125603000,19593000,0.72922134
139298145075000,19472000,-1.1360102
139298164631000,19556000,-1.5835629
139298184172000,19541000,-1.337121
139298203722000,19550000,-0.97040653
139298223246000,19524000,-1.0415287
139298242789000,19543000,-1.3242207
139298262449000,19660000,-1.34274
139298282323000,19874000,-0.8684826
139298301568000,19245000,-0.4315052
139298321316000,19748000,-1.141037
139298340705000,19389000,-1.6576595
139298360251000,19546000,-1.7148609
139298379811000,19560000,-1.7344875
139298399326000,19515000,-1.5435715
139298419043000,19717000,-1.7168922
139298438576000,19533000,-1.5843439
139298458616000,20040000,-1.5468245
139298478220000,19604000,-1.585825
139298497051000,18831000,-1.3762779
139298516594000,19543000,-1.1093645
139298536141000,19547000,-0.80385685
139298555686000,19545000,-0.55569553
139298575278000,19592000,0.13275528
139298594981000,19703000,1.1477652
139298615301000,20320000,1.6271963
139298634712000,19411000,1.6656876
139298653423000,18711000,1.2453222
139298672927000,19504000,0.6739769
139298692472000,19545000,1.0028172
139298714715000,22243000,1.8104429
139298733816000,19101000,1.5440073
139298753392000,19576000,0.77577114
139298772933000,19541000,0.40663052
139298792457000,19524000,-0.4028349
139298812002000,19545000,-1.3830004
139298831562000,19560000,-2.2099643
139298851091000,19529000,-1.3532715
139298871068000,19977000,-0.6268873
139298890344000,19276000,-1.5634956
139298909908000,19564000,-1.7540979
139298929443000,19535000,-1.6786556
139298948980000,19537000,-1.4319801
139298968561000,19581000,-1.0311098
139298988195000,19634000,-0.76185703
139299008314000,20119000,-0.98838234
139299028048000,19734000,-1.8080969
139299046692000,18644000,-2.0551834
139299066240000,19548000,-1.2310429
139299085780000,19540000,-0.96111107
139299105330000,19550000,-0.6512995
139299124962000,19632000,-0.3025751
139299144561000,19599000,-0.18287659
139299164010000,19449000,-0.10062885
139299183952000,19942000,0.017638206
139299203174000,19222000,0.5557747
139299225361000,22187000,1.804841
139299244973000,19612000,2.0424595
139299264512000,19539000,1.1728764
139299284027000,19515000,0.06858158
139299303002000,18975000,-0.10355568
139299322550000,19548000,0.37225723
139299342086000,19536000,0.4653721
139299361632000,19546000,0.118691444
139299381193000,19561000,-0.21019936
139299400730000,19537000,-0.06446457
139299420328000,19598000,-0.088168144
139299439884000,19556000,-0.7411175
139299459521000,19637000,-1.1634817
139299479099000,19578000,-1.2792187
139299498651000,19552000,-0.99419594
139299518194000,19543000,-0.3853979
139299537794000,19600000,-0.60066986
139299557346000,19552000,-0.70019436
139299577364000,20018000,-0.96911144
139299596336000,18972000,-1.4659271
139299615913000,19577000,-1.4259558
139299635459000,19546000,-1.4052582
139299655020000,19561000,-1.7098322
139299674534000,19514000,-2.0715637
139299694206000,19672000,-2.1656957
139299714559000,20353000,-1.7045784
139299733798000,19239000,-1.4732885
139299755020000,21222000,-1.337348
139299772244000,17224000,-1.1628466
139299792950000,20706000,-0.96836376
139299811156000,18206000,-0.6973944
139299830882000,19726000,-0.17776299
139299850284000,19402000,0.16887379
139299869802000,19518000,0.53355885
139299889334000,19532000,0.66807175
139299909044000,19710000,0.7634201
139299928627000,19583000,1.1079216
139299948438000,19811000,1.681613
139299967680000,19242000,2.2376814
139299987225000,19545000,0.93751144
139300006811000,19586000,-0.07924843
139300026340000,19529000,-0.23916626
139300045643000,19303000,0.30642128
139300065219000,19576000,0.3765278
139300084758000,19539000,-0.18314648
139300104298000,19540000,-0.7409973
139300123830000,19532000,-0.99174404
139300143362000,19532000,-1.3378487
139300162924000,19562000,-1.8363914
139300182525000,19601000,-1.8374987
139300202381000,19856000,-1.3419781
139300221603000,19222000,-1.3625317
139300241247000,19644000,-1.536272
139300260811000,19564000,-1.5563765
139300280341000,19530000,-1.5945196
139300302577000,22236000,-1.8041325
139300322205000,19628000,-1.8608885
139300341452000,19247000,-1.7845945
139300360829000,19377000,-0.96197414
139300380303000,19474000,-0.13833141
139300399848000,19545000,-0.65360355
139300419429000,19581000,-0.55703735
139300439096000,19667000,-0.28971958
139300458977000,19881000,0.036070824
139300478205000,19228000,1.0335073
139300497907000,19702000,1.515296
139300517287000,19380000,1.7278843
139300536944000,19657000,1.9385033
139300556526000,19582000,1.3446293
139300576091000,19565000,0.48279
139300595550000,19459000,0.5579958
139300615317000,19767000,1.1862535
139300634355000,19038000,1.6990376
139300653928000,19573000,2.192624
139300673440000,19512000,0.92437744
139300692987000,19547000,-0.99172306
139300712527000,19540000,-1.8328562
139300732070000,19543000,-1.5824156
139300751865000,19795000,-1.2566547
139300771907000,20042000,-0.91446304
139300790878000,18971000,-1.1090059
139300810411000,19533000,-1.6090145
139300829973000,19562000,-2.3001933
139300854850000,24877000,-2.2081733
139300872667000,17817000,-1.7499418
139300890847000,18180000,-1.4824114
139300910372000,19525000,-1.6547804
139300929907000,19535000,-1.7315054
139300949444000,19537000,-1.7311592
139300969003000,19559000,-1.270771
139300988894000,19891000,-1.1352177
139301008973000,20079000,-0.7501707
139301027797000,18824000,-0.68990517
139301047375000,19578000,-0.53348255
139301067062000,19687000,-0.22418404
139301086524000,19462000,0.027225494
139301106056000,19532000,0.69997025
139301125673000,19617000,1.1630468
139301145130000,19457000,0.9953251
139301165185000,20055000,0.8278179
139301184299000,19114000,0.6199026
139301203670000,19371000,0.23799706
139301223226000,19556000,0.3510332
139301242713000,19487000,0.67225456
139301262595000,19882000,0.87806225
139301282089000,19494000,0.16557598
139301301491000,19402000,-1.0817223
139301321530000,20039000,-1.5805492
139301340713000,19183000,-1.4466028
139301362961000,22248000,-1.0059881
139301384249000,21288000,-1.2546816
139301403770000,19521000,-1.3892899
139301423298000,19528000,-1.6586361
139301443355000,20057000,-2.0444508
139301462411000,19056000,-1.4733639
139301482778000,20367000,-1.207674
139301501919000,19141000,-1.0539389
139301521188000,19269000,-1.8946056
139301540748000,19560000,-2.2952285
139301560304000,19556000,-2.0457754
139301579832000,19528000,-0.9925804
139301599452000,19620000,-0.12903118
139301619038000,19586000,-0.028617859
139301639137000,20099000,-0.2706442
139301658342000,19205000,0.11565781
139301677527000,19185000,0.7114935
139301697090000,19563000,1.1562424
139301716629000,19539000,1.5264502
139301736175000,19546000,2.0113096
139301755802000,19627000,1.5192289
139301775358000,19556000,0.47006798
139301794848000,19490000,0.24248028
139301814679000,19831000,0.4742403
139301833945000,19266000,0.07090759
139301853207000,19262000,1.3079681
139301872779000,19572000,2.087576
139301892319000,19540000,0.49917126
139301911866000,19547000,-0.87615967
139301931384000,19518000,-1.485321
139301951002000,19618000,-0.92574596
139301970459000,19457000,-0.8463888
139301989998000,19539000,-0.9984646
139302009711000,19713000,-1.1712751
139302029248000,19537000,-1.822712
139302048797000,19549000,-2.186995
139302068659000,19862000,-1.9585028
139302089722000,21063000,-1.977829
139302108429000,18707000,-2.3211389
139302127641000,19212000,-2.721159
139302146598000,18957000,-2.5290427
139302166037000,19439000,-2.4340138
139302185570000,19533000,-2.0523195
139302205108000,19538000,-1.3074732
139302224657000,19549000,-1.2500334
139302244237000,19580000,-1.4217291
139302263840000,19603000,-0.8670826
139302283826000,19986000,0.41454315
139302303045000,19219000,0.932374
139302322309000,19264000,1.4130688
139302341864000,19555000,1.7389145
139302361404000,19540000,1.5293121
139302380918000,19514000,1.435997
139302401287000,20369000,1.2856655
139302420127000,18840000,0.74789333
139302444244000,24117000,0.29938793
139302463787000,19543000,0.38730812
139302483683000,19896000,0.4177456
139302502918000,19235000,-0.009234428
139302522398000,19480000,-0.6640997
139302541999000,19601000,-0.7433739
139302561816000,19817000,-1.0133572
139302582870000,21054000,-1.3411055
139302601477000,18607000,-1.3427839
139302620781000,19304000,-1.2291718
139302639806000,19025000,-1.5376673
139302659355000,19549000,-1.5216036
139302678892000,19537000,-1.6203585
139302698431000,19539000,-1.5646505
139302718079000,19648000,-1.7181339
139302737730000,19651000,-1.583704
139302757859000,20129000,-1.4868937
139302777597000,19738000,-1.2952204
139302796098000,18501000,-1.3332529
139302815667000,19569000,-1.2373571
139302835207000,19540000,-0.49004364
139302854743000,19536000,-0.10603142
139302874293000,19550000,-0.2187252
139302893939000,19646000,0.14703274
139302913419000,19480000,0.3774948
139302933463000,20044000,1.3922253
139302954825000,21362000,2.216403
139302974489000,19664000,1.7601748
139302993784000,19295000,0.6530132
139303013285000,19501000,0.8233013
139303032808000,19523000,1.7383194
139303052337000,19529000,2.0980282
139303071948000,19611000,1.6371708
139303091481000,19533000,0.50819016
139303111000000,19519000,-1.1955051
139303130856000,19856000,-2.211226
139303150404000,19548000,-2.0799084
139303170269000,19865000,-0.9897108
139303189448000,19179000,-0.9885874
139303208785000,19337000,-1.5427094
139303228323000,19538000,-1.4671974
139303248263000,19940000,-1.3166103
139303267445000,19182000,-1.3379049
139303286991000,19546000,-1.7026854
139303306289000,19298000,-1.3964148
139303327886000,21597000,-1.3565092
139303345385000,17499000,-1.7565975
139303364903000,19518000,-2.043108
139303384434000,19531000,-1.9474211
139303404032000,19598000,-1.7360191
139303423566000,19534000,-1.6582441
139303443100000,19534000,-1.2359533
139303463172000,20072000,-1.0420542
139303486389000,23217000,-1.0387621
139303504334000,17945000,-0.117360115
139303526240000,21906000,1.0521126
139303545642000,19402000,1.9153872
139303565155000,19513000,1.306407
139303584678000,19523000,0.8517561
139303604210000,19532000,1.08601
139303623946000,19736000,1.2610483
139303643359000,19413000,1.141696
139303662810000,19451000,1.094861
139303682339000,19529000,0.68413734
139303701870000,19531000,0.3147602
139303721476000,19606000,-0.7983494
139303741008000,19532000,-1.3162594
139303760535000,19527000,-1.2785978
139303780315000,19780000,-1.0495567
139303799841000,19526000,-0.95445156
139303819891000,20050000,-0.8979893
139303838856000,18965000,-1.1100388
139303858350000,19494000,-1.1879244
139303877848000,19498000,-1.2268085
139303897423000,19575000,-1.648201
139303916962000,19539000,-2.1463299
139303936642000,19680000,-1.725605
139303956222000,19580000,-1.4953709
139303976119000,19897000,-1.5513067
139303995266000,19147000,-1.5306568
139304014612000,19346000,-1.0889177
139304034169000,19557000,-0.5705385
139304060490000,26321000,-0.14815044
139304077929000,17439000,-0.20432091
139304097479000,19550000,-0.048908234
139304116994000,19515000,0.14543438
139304136828000,19834000,1.24088
139304156078000,19250000,1.9152489
139304175811000,19733000,2.3215914
139304195336000,19525000,1.2720499
139304214892000,19556000,0.14441586
139304234423000,19531000,-0.14134026
139304253779000,19356000,0.28120422
139304273297000,19518000,0.58679867
139304292884000,19587000,0.41234875
139304312376000,19492000,-0.08972454
139304331916000,19540000,-0.97502327
139304351454000,19538000,-1.4197607
139304371241000,19787000,-1.0594597
139304390731000,19490000,-0.7360983
139304410377000,19646000,-1.042717
139304429924000,19547000,-1.2347555
139304450086000,20162000,-1.4100266
139304469305000,19219000,-1.2983255
139304488579000,19274000,-1.6261435
139304507974000,19395000,-1.6847963
139304527587000,19613000,-1.5324545
139304547120000,19533000,-1.4756193
139304566962000,19842000,-1.7632113
139304585978000,19016000,-1.6676455
139304605591000,19613000,-1.5525408
139304625033000,19442000,-1.4751978
139304644569000,19536000,-1.2448435
139304664107000,19538000,-0.95728683
139304683847000,19740000,-0.6502733
139304703391000,19544000,-0.43853092
139304722916000,19525000,0.022206306
139304742959000,20043000,0.7134733
139304762939000,19980000,1.3664665
139304782284000,19345000,1.5230036
139304801276000,18992000,1.0670357
139304820706000,19430000,0.8579788
139304840217000,19511000,0.8004799
139304859780000,19563000,0.35743046
139304879092000,19312000,0.21813107
139304898678000,19586000,0.07788849
139304919012000,20334000,0.35886478
139304937737000,18725000,-0.2761488
139304957281000,19544000,-0.622139
139304977373000,20092000,-0.948082
139304996418000,19045000,-0.85254097
139305016073000,19655000,-0.6419382
139305035724000,19651000,-1.1782303
139305055487000,19763000,-1.5806818
139305074857000,19370000,-1.6384077
139305096524000,21667000,-1.3896856
139305116019000,19495000,-1.1980057
139305135563000,19544000,-1.3506613
139305155127000,19564000,-1.4645414
139305174652000,19525000,-1.5207291
139305194251000,19599000,-1.4243927
139305213790000,19539000,-1.1937494
139305233426000,19636000,-0.96230793
139305252995000,19569000,-0.19380665
139305272536000,19541000,3.490448E-4
139305292126000,19590000,0.09799194
139305311706000,19580000,0.32883072
139305331816000,20110000,1.0006714
139305350913000,19097000,1.4439363
139305370353000,19440000,1.8508348
139305389716000,19363000,1.4737091
139305409338000,19622000,0.23374748
139305428838000,19500000,-0.41596222
139305448197000,19359000,0.15655327
139305467775000,19578000,0.80351543
139305487515000,19740000,1.1831617
139305506822000,19307000,1.1997528
139305526366000,19544000,-0.5449791
139305545919000,19553000,-1.6769104
139305565470000,19551000,-1.7358656
139305585833000,20363000,-0.85446835
139305604551000,18718000,-0.67948437
139305626537000,21986000,-1.0803013
139305646080000,19543000,-1.1594124
139305665682000,19602000,-1.238719
139305685227000,19545000,-1.4699936
139305705404000,20177000,-1.6998587
139305725241000,19837000,-1.96661
139305745104000,19863000,-1.8501825
139305763494000,18390000,-1.753808
139305783066000,19572000,-1.8298197
139305802572000,19506000,-2.1159983
139305822148000,19576000,-1.9234858
139305841697000,19549000,-1.0415678
139305861305000,19608000,-1.1160469
139305880854000,19549000,-0.7112436
139305900881000,20027000,-0.019524574
139305919848000,18967000,0.6342554
139305939404000,19556000,0.75154305
139305958956000,19552000,1.0976686
139305978504000,19548000,1.0980225
139305998055000,19551000,1.3285599
139306017749000,19694000,1.3483601
139306037204000,19455000,1.2890778
139306057083000,19879000,0.6335001
139306076205000,19122000,0.1691637
139306095581000,19376000,-0.102742195
139306117330000,21749000,-0.5078211
139306134670000,17340000,-1.0644875
139306154208000,19538000,-1.5048847
139306173758000,19550000,-1.9065056
139306193404000,19646000,-1.8879137
139306213073000,19669000,-1.372673
139306232461000,19388000,-1.049222
139306252454000,19993000,-0.82153225
139306271944000,19490000,-1.1105433
139306292264000,20320000,-1.322485
139306310820000,18556000,-1.6100216
139306330490000,19670000,-1.9544115
139306350019000,19529000,-2.1457958
139306369941000,19922000,-1.6480808
139306389126000,19185000,-0.80469227
139306408480000,19354000,-0.7071886
139306428010000,19530000,-0.26499653
139306447550000,19540000,0.25349903
139306467101000,19551000,0.5997162
139306486709000,19608000,0.39002228
139306506298000,19589000,0.23805428
139306526368000,20070000,0.87358856
139306545563000,19195000,1.4339991
139306564776000,19213000,1.6889591
139306584338000,19562000,1.2738829
139306603869000,19531000,0.08986759
139306623403000,19534000,-0.04453087
139306645225000,21822000,0.21922112
139306664766000,19541000,1.115552
139306684319000,19553000,1.3621597
139306703862000,19543000,0.47806644
139306723663000,19801000,-1.4021082
139306742932000,19269000,-2.304047
139306762909000,19977000,-2.1908832
139306782089000,19180000,-0.8508558
139306801741000,19652000,-0.5809097
139306821304000,19563000,-1.1167688
139306840840000,19536000,-1.1200142
139306860376000,19536000,-1.2195845
139306880025000,19649000,-1.7192907
139306899585000,19560000,-1.585556
139306919871000,20286000,-1.4509392
139306939146000,19275000,-1.6991816
139306959094000,19948000,-1.7949696
139306977642000,18548000,-1.623539
139306997195000,19553000,-1.1650019
139307016745000,19550000,-1.2034531
139307036357000,19612000,-1.1258421
139307055963000,19606000,-1.0666046
139307076149000,20186000,-0.9688816
139307095421000,19272000,-0.45039654
139307114430000,19009000,0.1254406
139307133968000,19538000,1.0263643
139307155369000,21401000,1.6391792
139307173057000,17688000,1.6973286
139307192624000,19567000,1.0672913
139307212144000,19520000,0.93512917
139307231687000,19543000,0.95440006
139307251066000,19379000,0.35813904
139307271048000,19982000,0.18275642
139307290179000,19131000,0.06602478
139307309708000,19529000,-0.20391941
139307329310000,19602000,-0.549736
139307348868000,19558000,-0.89466476
139307368501000,19633000,-1.0279522
139307388189000,19688000,-1.2955589
139307408327000,20138000,-1.3158178
139307427447000,19120000,-1.0110216
139307447012000,19565000,-0.99299717
139307467194000,20182000,-1.1658783
139307485867000,18673000,-1.7211895
139307505328000,19461000,-1.7021685
139307525030000,19702000,-1.8555908
139307544594000,19564000,-1.9703112
139307564670000,20076000,-1.892477
139307583683000,19013000,-1.5655451
139307603027000,19344000,-1.1443729
139307622590000,19563000,-0.32172966
139307642128000,19538000,0.48185253
139307661678000,19550000,0.6923208
139307682906000,21228000,0.003581047
139307703379000,20473000,0.13759708
139307722821000,19442000,1.1147861
139307742100000,19279000,1.6352882
139307761635000,19535000,1.2205019
139307781178000,19543000,0.38457203
139307800717000,19539000,0.27166557
139307820261000,19544000,0.69099903
139307839802000,19541000,0.8824692
139307859336000,19534000,0.6153221
139307879405000,20069000,0.28810883
139307898615000,19210000,0.7823591
139307918214000,19599000,1.0867767
139307937883000,19669000,0.53149605
139307957988000,20105000,-1.1706295
139307977095000,19107000,-1.4942846
139307996350000,19255000,-1.1460552
139308016004000,19654000,-1.2154713
139308035447000,19443000,-1.5515337
139308055282000,19835000,-2.1585774
139308076599000,21317000,-2.2929215
139308094211000,17612000,-2.3713279
139308114431000,20220000,-1.7806025
139308133610000,19179000,-1.071804
139308152732000,19122000,-1.6825848
139308172223000,19491000,-1.5684338
139308191800000,19577000,-1.2070446
139308211309000,19509000,-1.3999195
139308231488000,20179000,-1.4766178
139308253438000,21950000,-1.092721
139308272363000,18925000,-1.3206663
139308291749000,19386000,-1.3003588
139308311725000,19976000,-0.91727257
139308330828000,19103000,-0.70582867
139308350434000,19606000,-0.22418308
139308369897000,19463000,0.33461
139308389436000,19539000,0.7772932
139308409170000,19734000,0.91233444
139308428681000,19511000,1.105175
139308448256000,19575000,1.0889454
139308467799000,19543000,0.93942547
139308487422000,19623000,0.49819088
139308507672000,20250000,0.28024006
139308527403000,19731000,0.09863472
139308545973000,18570000,0.33629417
139308565503000,19530000,0.020415306
139308585047000,19544000,-0.27286434
139308604590000,19543000,-0.8303652
139308624129000,19539000,-1.2513142
139308643860000,19731000,-1.3270855
139308663316000,19456000,-0.98162746
139308683180000,19864000,-1.1545229
139308702587000,19407000,-1.290082
139308722059000,19472000,-0.7553749
139308742446000,20387000,-1.0426283
139308765890000,23444000,-1.6358738
139308787764000,21874000,-1.4837999
139308807125000,19361000,-0.9098215
139308826670000,19545000,-0.89044285
139308846204000,19534000,-1.1569242
139308865831000,19627000,-1.2509975
139308885406000,19575000,-1.0009289
139308905264000,19858000,-0.2151041
139308924840000,19576000,0.03491211
139308944311000,19471000,-0.05920124
139308964250000,19939000,-0.5931654
139308984760000,20510000,-0.6862974
139309002733000,17973000,-0.4143076
139309022288000,19555000,-0.026106834
139309041679000,19391000,0.305295
139309061174000,19495000,0.6954012
139309080708000,19534000,0.6046505
139309100247000,19539000,0.43575573
139309119790000,19543000,0.49443054
139309139331000,19541000,0.68638325
139309158946000,19615000,0.6654701
139309178470000,19524000,0.5102291
139309198040000,19570000,0.46982288
139309217875000,19835000,0.50368595
139309237784000,19909000,-0.169631
139309256988000,19204000,-0.8215065
139309276331000,19343000,-0.993103
139309297585000,21254000,-0.7586889
139309318424000,20839000,-0.6753969
139309334795000,16371000,-0.7869539
139309354333000,19538000,-0.632534
139309373855000,19522000,-0.5199871
139309393437000,19582000,-0.6585398
139309413061000,19624000,-0.45116806
139309432688000,19627000,-0.60668945
139309452221000,19533000,-0.91542435
139309471768000,19547000,-0.91932297
139309491308000,19540000,-1.1916065
139309510922000,19614000,-1.1760921
139309530505000,19583000,-0.96771526
139309550279000,19774000,-0.8536806
139309569921000,19642000,-0.6818638
139309589339000,19418000,-0.54896545
139309608918000,19579000,-0.73990536
139309629947000,21029000,-0.7386837
139309647624000,17677000,-0.6806793
139309667232000,19608000,-0.5657635
139309686875000,19643000,-0.4506445
139309706987000,20112000,-0.9083605
139309726270000,19283000,-1.0414047
139309745287000,19017000,-0.7340288
139309764855000,19568000,-0.866622
139309784377000,19522000,-0.3680191
139309803942000,19565000,0.091365814
139309823495000,19553000,0.14785862
139309848073000,24578000,-0.6203642
139309867331000,19258000,-0.5286398
139309886775000,19444000,-0.224823
139309906310000,19535000,-0.18793106
139309925859000,19549000,-0.34210777
139309945394000,19535000,-0.8035183
139309965165000,19771000,-0.6907568
139309984723000,19558000,-0.6730404
139310004457000,19734000,-0.5791483
139310024715000,20258000,-0.48626518
139310044492000,19777000,0.08722401
139310062676000,18184000,-0.008773804
139310082135000,19459000,-0.14440346
139310101675000,19540000,-0.58681774
139310121210000,19535000,-0.9514637
139310143572000,22362000,-1.3917131
139310162914000,19342000,-0.7982836
139310182471000,19557000,-0.28178883
139310201981000,19510000,-0.376503
139310222119000,20138000,-1.0445328
139310241172000,19053000,-1.5018988
139310260789000,19617000,-1.1948175
139310280893000,20104000,-0.5818167
139310299798000,18905000,-0.44774246
139310319196000,19398000,-0.40909576
139310340429000,21233000,-0.5419483
139310361009000,20580000,-0.92337704
139310380081000,19072000,-0.48131752
139310399606000,19525000,0.4210186
139310419149000,19543000,0.44471264
139310438677000,19528000,0.5078516
139310458206000,19529000,0.87672424
139310477815000,19609000,1.5087605
139310497365000,19550000,1.310502
139310517335000,19970000,0.1306591
139310536739000,19404000,-1.2359209
139310555881000,19142000,-1.6420698
139310575432000,19551000,-1.3951015
139310594951000,19519000,-0.83965874
139310614488000,19537000,-1.1640377
139310634027000,19539000,-1.1624289
139310653914000,19887000,-0.9300356
139310674078000,20164000,-0.6944361
139310693349000,19271000,-0.28750896
139310712353000,19004000,0.059853554
139310731942000,19589000,0.5189514
139310751530000,19588000,0.24764633
139310771007000,19477000,-0.27369308
139310790506000,19499000,-0.7940712
139310810209000,19703000,-1.1403618
139310830346000,20137000,-0.6433611
139310849554000,19208000,-0.5867777
139310868527000,18973000,-1.0855608
139310890494000,21967000,-0.8556795
139310910088000,19594000,-0.68196106
139310929572000,19484000,-0.4695263
139310949115000,19543000,-0.35410404
139310968989000,19874000,-0.54592705
139310989647000,20658000,-0.49008274
139311007929000,18282000,-0.626421
139311027468000,19539000,-0.62843513
139311047137000,19669000,-0.6481409
139311066669000,19532000,-0.78105927
139311086690000,20021000,-0.43651676
139311105812000,19122000,-0.4761486
139311125153000,19341000,-0.59192085
139311144688000,19535000,-0.8022318
139311164220000,19532000,-0.99291134
139311183755000,19535000,-0.6285372
139311203476000,19721000,-0.5894327
139311223010000,19534000,-0.8945532
139311243028000,20018000,-0.83569336
139311262155000,19127000,-1.1210537
139311281571000,19416000,-0.9269819
139311300980000,19409000,-0.9050102
139311320504000,19524000,-0.57624435
139311340121000,19617000,-0.630579
139311361361000,21240000,-0.7234411
139311378920000,17559000,-0.16653156
139311398800000,19880000,0.77285194
139311417981000,19181000,0.9661474
139311437533000,19552000,0.41220474
139311457068000,19535000,0.42964268
139311476803000,19735000,1.0194883
139311496376000,19573000,1.2248154
139311515986000,19610000,1.4667368
139311535557000,19571000,1.0368814
139311555653000,20096000,-0.4830637
139311574540000,18887000,-1.7490025
139311595120000,20580000,-1.7685184
139311613335000,18215000,-1.4427061
139311633107000,19772000,-0.92472744
139311652403000,19296000,-0.731246
139311671937000,19534000,-1.0735092
139311691477000,19540000,-1.6087503
139311711216000,19739000,-1.3043108
139311730561000,19345000,-1.0381451
139311750096000,19535000,-1.1544514
139311769845000,19749000,-1.0598431
139311789358000,19513000,-0.92675877
139311808904000,19546000,-0.83203125
139311828462000,19558000,-1.0822973
139311848198000,19736000,-1.0839043
139311867646000,19448000,-0.58733845
139311889326000,21680000,-0.53109646
139311908818000,19492000,-0.79931545
139311928382000,19564000,-0.99061584
139311947930000,19548000,-1.0478315
139311967449000,19519000,-1.2771015
139311987543000,20094000,-1.621047
139312006970000,19427000,-1.658515
139312026341000,19371000,-1.4088659
139312045786000,19445000,-0.35512352
139312065335000,19549000,0.047577858
139312084921000,19586000,0.41200542
139312104557000,19636000,0.91075325
139312124290000,19733000,0.951231
139312143698000,19408000,0.7239561
139312163296000,19598000,0.3442688
139312182727000,19431000,0.7134123
139312202647000,19920000,0.5300112
139312221698000,19051000,0.32584476
139312241288000,19590000,0.40172386
139312260874000,19586000,1.1028938
139312281000000,20126000,1.2467899
139312300225000,19225000,0.13187599
139312319339000,19114000,-0.5030203
139312338899000,19560000,-0.7159586
139312358447000,19548000,-0.4296322
139312377995000,19548000,-0.21853161
139312402067000,24072000,-0.7903938
139312419473000,17406000,-1.0746241
139312438883000,19410000,-1.1865606
139312458407000,19524000,-0.9733591
139312477955000,19548000,-0.7989979
139312497525000,19570000,-0.7025013
139312518014000,20489000,-0.55022717
139312537263000,19249000,-0.5129156
139312556282000,19019000,-0.8777256
139312575846000,19564000,-1.4724846
139312595406000,19560000,-1.4926138
139312614948000,19542000,-1.2436972
139312634455000,19507000,-1.2809372
139312654251000,19796000,-1.4139385
139312673663000,19412000,-1.3183756
139312693709000,20046000,-1.0125751
139312712685000,18976000,-0.5913696
139312732175000,19490000,-0.035255432
139312751690000,19515000,-0.14847279
139312771245000,19555000,0.17859077
139312790787000,19542000,0.3904066
139312810499000,19712000,0.77431774
139312829999000,19500000,0.20165443
139312850349000,20350000,0.24273014
139312869115000,18766000,1.2015066
139312888514000,19399000,1.1796865
139312908061000,19547000,-0.47173786
139312927427000,19366000,-1.85534
139312946943000,19516000,-2.1849146
139312966487000,19544000,-0.5015955
139312986054000,19567000,0.68602943
139313005582000,19528000,-0.13741207
139313025188000,19606000,-1.211647
139313044729000,19541000,-1.6349821
139313064399000,19670000,-0.946167
139313083953000,19554000,-0.4470253
139313103472000,19519000,-0.061736107
139313123084000,19612000,-0.30887604
139313142723000,19639000,-0.443017
139313162752000,20029000,-0.4846964
139313181946000,19194000,-0.75534344
139313201153000,19207000,-0.8139181
139313220688000,19535000,-0.6421118
139313240661000,19973000,-0.26014137
139313259825000,19164000,-0.5301304
139313279389000,19564000,-1.2790499
139313298981000,19592000,-1.3186388
139313319183000,20202000,-0.8979254
139313338182000,18999000,-0.7639513
139313357461000,19279000,-0.9363222
139313377530000,20069000,-0.97472477
139313396539000,19009000,-0.97502327
139313415921000,19382000,-1.166852
139313435457000,19536000,-1.0904922
139313455180000,19723000,-0.93757725
139313474623000,19443000,-0.1336155
139313494070000,19447000,0.057739258
139313513781000,19711000,-0.3636484
139313533339000,19558000,-0.5741863
139313552883000,19544000,-0.6889868
139313572435000,19552000,-1.0528765
139313591950000,19515000,-1.1483927
139313611619000,19669000,-1.6266127
139313631148000,19529000,-2.353603
139313651208000,20060000,-1.338583
139313670184000,18976000,0.058960915
139313689666000,19482000,0.6136036
139313709182000,19516000,1.0728703
139313728739000,19557000,0.72795296
139313748276000,19537000,0.36395645
139313767632000,19356000,0.32581997
139313787181000,19549000,1.3807669
139313806697000,19516000,2.2685108
139313826235000,19538000,3.3299446
139313845776000,19541000,3.2390766
139313865694000,19918000,1.2846107
139313884864000,19170000,-0.69086266
139313904388000,19524000,-1.4400396
139313924062000,19674000,-1.9783468
139313943494000,19432000,-1.9040518
139313963077000,19583000,-1.9267721
139313982562000,19485000,-1.1252975
139314002165000,19603000,-0.78211594
139314021708000,19543000,-0.5143595
139314041247000,19539000,-0.8022356
139314060896000,19649000,-1.0898361
139314080510000,19614000,-1.0512934
139314100366000,19856000,-0.55294514
139314120037000,19671000,-0.38030338
139314139365000,19328000,-0.16955662
139314158591000,19226000,-0.5721979
139314178018000,19427000,-1.18538
139314197493000,19475000,-1.3194666
139314217028000,19535000,-0.840724
139314236577000,19549000,-0.592124
139314256153000,19576000,-0.5926466
139314275733000,19580000,-0.51635456
139314295904000,20171000,-0.32499218
139314314899000,18995000,-0.59333324
139314334465000,19566000,-1.2062302
139314354000000,19535000,-1.761364
139314373535000,19535000,-1.6268606
139314393077000,19542000,-1.2816601
139314412801000,19724000,-1.3962326
139314434297000,21496000,-0.70655537
139314455467000,21170000,-0.09329796
139314473468000,18001000,-0.16881657
139314493023000,19555000,-0.9133978
139314512739000,19716000,-1.2735586
139314532097000,19358000,-0.73528767
139314552362000,20265000,0.012925148
139314571468000,19106000,0.7041044
139314590938000,19470000,0.9363775
139314610443000,19505000,0.6151762
139314629988000,19545000,-0.08861542
139314649733000,19745000,0.23863983
139314669266000,19533000,1.1899071
139314689277000,20011000,2.5055275
139314708349000,19072000,2.4471617
139314727934000,19585000,-0.23045444
139314747423000,19489000,-2.675725
139314767438000,20015000,-2.8051329
139314786110000,18672000,-0.77398586
139314805655000,19545000,0.06824589
139314825197000,19542000,-0.3156004
139314844711000,19514000,-0.58536625
139314864361000,19650000,-0.873744
139314883793000,19432000,-0.778389
139314903486000,19693000,-0.81583214
139314922942000,19456000,-1.2546482
139314942451000,19509000,-1.2725906
139314964690000,22239000,-1.4251966
139314983968000,19278000,-1.2145214
139315003503000,19535000,-1.348156
139315023178000,19675000,-1.6738577
139315042795000,19617000,-1.6174393
139315062277000,19482000,-1.5806255
139315082576000,20299000,-1.3340015
139315101801000,19225000,-1.3166542
139315120820000,19019000,-1.299017
139315140399000,19579000,-0.84064484
139315159926000,19527000,-0.4020815
139315179430000,19504000,0.2467947
139315199543000,20113000,0.83916473
139315218560000,19017000,0.7051115
139315238157000,19597000,0.820941
139315258068000,19911000,1.204875
139315277094000,19026000,1.2449312
139315297132000,20038000,1.1698084
139315316152000,19020000,0.749733
139315335688000,19536000,0.46033573
139315355644000,19956000,0.26358223
139315374894000,19250000,1.004488
139315394498000,19604000,1.173624
139315414308000,19810000,0.08258629
139315433588000,19280000,-1.3139429
139315452740000,19152000,-1.3324528
139315472245000,19505000,-0.9309397
139315491772000,19527000,-0.9690962
139315511313000,19541000,-1.5035238
139315530864000,19551000,-1.8844528
139315550459000,19595000,-2.017374
139315570322000,19863000,-1.6338291
139315590074000,19752000,-1.4797783
139315609163000,19089000,-2.0139914
139315628717000,19554000,-2.31854
139315648251000,19534000,-1.7815313
139315667786000,19535000,-1.4359579
139315687394000,19608000,-1.2809143
139315706969000,19575000,-1.3358774
139315727181000,20212000,-1.2184172
139315746495000,19314000,-0.50806236
139315765422000,18927000,-0.08529949
139315784969000,19547000,0.22250843
139315804506000,19537000,0.32055664
139315824040000,19534000,0.13267517
139315843570000,19530000,0.17458057
139315863220000,19650000,0.86639977
139315883312000,20092000,1.5009003
139315902979000,19667000,1.734065
139315921850000,18871000,0.9160557
139315941246000,19396000,-0.17197609
139315960595000,19349000,-0.5927801
139315980155000,19560000,-0.06308365
139315999685000,19530000,1.151164
139316019233000,19548000,1.907876
139316038768000,19535000,1.0621214
139316058316000,19548000,-0.83076
139316077804000,19488000,-1.9194889
139316097332000,19528000,-1.3835068
139316116876000,19544000,-0.83058834
139316136615000,19739000,-0.58376884
139316156129000,19514000,-0.62424946
139316175701000,19572000,-0.9128027
139316195279000,19578000,-1.2956486
139316215059000,19780000,-1.5625362
139316234684000,19625000,-1.7904634
139316253791000,19107000,-2.0945177
139316273312000,19521000,-2.1313305
139316293017000,19705000,-1.6517944
139316312440000,19423000,-1.4978867
139316332048000,19608000,-1.8029156
139316351757000,19709000,-1.5142841
139316371919000,20162000,-1.435853
139316390864000,18945000,-1.4137468
139316410065000,19201000,-1.5635328
139316429942000,19877000,-1.1975164
139316449383000,19441000,0.10394764
139316476446000,27063000,1.6906528
139316498006000,21560000,1.7297754
139316517343000,19337000,0.46914768
139316536900000,19557000,0.5281763
139316556419000,19519000,1.2172346
139316575948000,19529000,1.1409941
139316595480000,19532000,0.87057877
139316615040000,19560000,0.617012
139316634572000,19532000,-7.133484E-4
139316654174000,19602000,-0.387825
139316674106000,19932000,-0.63991547
139316693393000,19287000,-0.66095066
139316712839000,19446000,-0.35611725
139316732582000,19743000,-0.43335342
139316751878000,19296000,-0.8348141
139316771384000,19506000,-1.407649
139316791062000,19678000,-1.9612236
139316810605000,19543000,-2.1128874
139316830250000,19645000,-1.7861786
139316849771000,19521000,-1.6497355
139316869843000,20072000,-1.8390455
139316888809000,18966000,-1.7231951
139316908269000,19460000,-1.5507059
139316927787000,19518000,-1.1668301
139316947345000,19558000,-1.0313311
139316966879000,19534000,-0.57083607
139316986464000,19585000,-0.0347147
139317006177000,19713000,0.44375896
139317025719000,19542000,0.6938696
139317044824000,19105000,0.6195812
139317064357000,19533000,0.6028881
139317084126000,19769000,1.1800299
139317103585000,19459000,1.6047564
139317123097000,19512000,1.7241392
139317143072000,19975000,0.78952026
139317162384000,19312000,-0.18503761
139317182112000,19728000,-0.66752434
139317201615000,19503000,-0.21553993
139317220635000,19020000,0.5205183
139317240177000,19542000,1.3532085
139317259703000,19526000,0.5443144
139317279230000,19527000,-1.0447121
139317298772000,19542000,-2.000039
139317318332000,19560000,-2.0384808
139317337946000,19614000,-1.103178
139317357395000,19449000,-0.8368931
139317377716000,20321000,-0.9721794
139317397653000,19937000,-1.4707699
139317416197000,18544000,-1.4332018
139317435741000,19544000,-1.5482273
139317455272000,19531000,-1.5666704
139317475178000,19906000,-1.7958164
139317494396000,19218000,-1.9105349
139317513710000,19314000,-1.8345509
139317533239000,19529000,-1.7589607
139317552790000,19551000,-1.6071281
139317572325000,19535000,-1.0527782
139317591861000,19536000,-0.88066673
139317611454000,19593000,-0.9188833
139317631033000,19579000,-0.53583527
139317650829000,19796000,-0.19071102
139317670729000,19900000,0.5377817
139317689924000,19195000,1.0939016
139317709300000,19376000,1.4198446
139317728829000,19529000,1.917656
139317748377000,19548000,1.4204884
139317767890000,19513000,0.788929
139317787479000,19589000,0.32759666
139317807205000,19726000,0.17016315
139317827773000,20568000,0.30070305
139317846033000,18260000,0.39377594
139317865431000,19398000,-0.23941898
139317884941000,19510000,-1.3118105
139317904472000,19531000,-1.5602169
139317924002000,19530000,-1.0622263
139317943539000,19537000,-0.4485731
139317963119000,19580000,-0.52382183
139317982897000,19778000,-0.92536163
139318002167000,19270000,-1.5766945
139318021700000,19533000,-2.074521
139318041243000,19543000,-1.9973125
139318060817000,19574000,-1.7473488
139318080402000,19585000,-1.5927019
139318099909000,19507000,-1.3044109
139318119485000,19576000,-1.4184637
139318139900000,20415000,-1.3013783
139318159187000,19287000,-1.0883617
139318178189000,19002000,-0.7034197
139318197791000,19602000,0.5414095
139318217304000,19513000,0.9241066
139318236859000,19555000,0.90660954
139318256413000,19554000,0.60327053
139318276039000,19626000,1.1248283
139318295564000,19525000,1.3995552
139318315622000,20058000,0.8303852
139318334511000,18889000,-0.02810955
139318354070000,19559000,-0.25966454
139318373618000,19548000,0.46104908
139318392977000,19359000,1.2951517
139318412526000,19549000,1.9594326
139318432064000,19538000,0.59661484
139318451614000,19550000,-1.0718555
139318471155000,19541000,-1.630269
139318490960000,19805000,-1.1346159
139318510313000,19353000,-0.7721319
139318529834000,19521000,-0.7728081
139318549363000,19529000,-1.0226231
139318568884000,19521000,-1.8276539
139318588636000,19752000,-2.5173059
139318608253000,19617000,-2.3450198
139318627917000,19664000,-2.0193472
139318647550000,19633000,-1.8839464
139318667007000,19457000,-2.303699
139318686666000,19659000,-2.3029332
139318705820000,19154000,-1.9386597
139318725333000,19513000,-1.6509686
139318744932000,19599000,-1.1140194
139318764494000,19562000,-0.079024315
139318784647000,20153000,0.40179157
139318803858000,19211000,0.42297077
139318822961000,19103000,1.0566664
139318842529000,19568000,1.6904001
139318862063000,19534000,1.2151365
139318881589000,19526000,0.81816673
139318901118000,19529000,0.9980135
139318920473000,19355000,0.6596308
139318940021000,19548000,0.65933895
139318959551000,19530000,0.40502834
139318979732000,20181000,0.20769405
139318998635000,18903000,-0.48439026
139319018162000,19527000,-0.849164
139319037694000,19532000,-0.4094448
139319057228000,19534000,-0.35279846
139319076918000,19690000,-0.928401
139319096397000,19479000,-1.3125238
139319116801000,20404000,-1.9443293
139319136166000,19365000,-2.460795
139319155116000,18950000,-2.2113128
139319174650000,19534000,-1.769475
139319194185000,19535000,-1.7469196
139319213689000,19504000,-1.6282454
139319233309000,19620000,-1.2808695
139319252926000,19617000,-1.0112963
139319272607000,19681000,-1.1240635
139319292249000,19642000,-1.2754364
139319311704000,19455000,-1.0453587
139319331195000,19491000,-0.3760414
139319350550000,19355000,0.043611526
139319370047000,19497000,0.31145668
139319389647000,19600000,0.8306494
139319408953000,19306000,1.524746
139319428471000,19518000,1.840004
139319448010000,19539000,1.0608664
139319467562000,19552000,0.79467964
139319487097000,19535000,0.46881294
139319506648000,19551000,0.406641
139319526166000,19518000,0.7802706
139319545702000,19536000,1.3837147
139319565271000,19569000,1.1277618
139319584820000,19549000,-0.578989
139319604973000,20153000,-2.0727062
139319624033000,19060000,-2.2833533
139319643607000,19574000,-1.8619995
139319663151000,19544000,-1.707756
139319682708000,19557000,-1.4961519
139319702239000,19531000,-1.1717901
139319721831000,19592000,-1.3279295
139319742071000,20240000,-1.7337074
139319761794000,19723000,-2.195415
139319780416000,18622000,-2.4642873
139319799993000,19577000,-1.7564754
139319819517000,19524000,-1.1447802
139319839089000,19572000,-0.89767647
139319858594000,19505000,-1.1291981
139319878226000,19632000,-0.8047981
139319898197000,19971000,-0.038321495
139319917973000,19776000,0.6339817
139319937693000,19720000,0.5983782
139319956310000,18617000,0.50484943
139319975869000,19559000,0.6584616
139319995387000,19518000,0.7346697
139320014928000,19541000,0.6572304
139320038140000,23212000,0.78824234
139320056297000,18157000,0.804698
139320075815000,19518000,0.5328102
139320095341000,19526000,-0.16002178
139320114926000,19585000,-1.0619535
139320134439000,19513000,-1.5598049
139320154847000,20408000,-1.0226173
139320173796000,18949000,-0.5426054
139320193228000,19432000,-0.5038643
139320212787000,19559000,-0.9650278
139320232329000,19542000,-1.4839668
139320251879000,19550000,-1.9059029
139320271585000,19706000,-2.17354
139320291059000,19474000,-1.5783682
139320311062000,20003000,-1.5003672
139320330183000,19121000,-0.94370174
139320349562000,19379000,-0.7892113
139320369103000,19541000,-0.768836
139320389059000,19956000,-0.4989643
139320408236000,19177000,-0.4776163
139320427807000,19571000,-0.054387093
139320447439000,19632000,0.46352196
139320467515000,20076000,0.84764385
139320486600000,19085000,1.1180305
139320505875000,19275000,0.9308014
139320525574000,19699000,0.32252216
139320545071000,19497000,0.017521858
139320567069000,21998000,-0.61623
139320588782000,21713000,-0.4276266
139320608301000,19519000,0.56268406
139320627830000,19529000,1.033639
139320647383000,19553000,0.969985
139320666926000,19543000,-0.06995964
139320686708000,19782000,-0.13156128
139320706170000,19462000,-0.93761635
139320726109000,19939000,-1.359293
139320745598000,19489000,-0.78463364
139320765039000,19441000,-0.7078228
139320785124000,20085000,-1.0142088
139320804249000,19125000,-1.1100855
139320823437000,19188000,-1.4355516
139320843023000,19586000,-1.607441
139320862547000,19524000,-1.7983284
139320882103000,19556000,-1.3764648
139320901733000,19630000,-1.4333944
139320921289000,19556000,-1.3562393
139320941476000,20187000,-1.9107151
139320960683000,19207000,-2.1971455
139320979773000,19090000,-1.6987143
139320999340000,19567000,-0.62572575
139321018871000,19531000,0.1027956
139321038428000,19557000,0.83180237
139321058071000,19643000,1.6568909
139321077704000,19633000,1.3133707
139321096954000,19250000,0.8162899
139321116436000,19482000,0.16610146
139321136345000,19909000,0.4549036
139321155484000,19139000,0.62900066
139321175103000,19619000,0.39963627
139321194621000,19518000,0.34153557
139321214330000,19709000,-0.19584846
139321233979000,19649000,-0.94369984
139321253514000,19535000,-1.193243
139321273341000,19827000,-1.3460779
139321292613000,19272000,-0.75141525
139321312108000,19495000,-0.15633678
139321331631000,19523000,-0.059343338
139321351420000,19789000,-0.7487049
139321372137000,20717000,-1.305253
139321390634000,18497000,-1.4013319
139321409885000,19251000,-1.3434114
139321430037000,20152000,-1.5526142
139321448929000,18892000,-1.9914093
139321468339000,19410000,-1.8946562
139321487886000,19547000,-0.916975
139321507403000,19517000,-0.7049179
139321526956000,19553000,-0.7418957
139321546565000,19609000,-0.5110378
139321566085000,19520000,-0.12698746
139321589525000,23440000,0.56302166
139321609823000,20298000,0.71759224
139321629329000,19506000,1.0828314
139321648863000,19534000,0.9702549
139321668408000,19545000,0.76266766
139321687942000,19534000,-0.23054886
139321707769000,19827000,-1.0530128
139321727247000,19478000,-1.0167837
139321747355000,20108000,-0.564517
139321766601000,19246000,0.48049068
139321785801000,19200000,1.584405
139321805356000,19555000,0.7574377
139321825015000,19659000,-0.75698566
139321844258000,19243000,-1.4084339
139321863845000,19587000,-1.1021891
139321883350000,19505000,-0.12520695
139321903427000,20077000,0.06723404
139321922414000,18987000,-0.20128441
139321941955000,19541000,-1.1406813
139321961494000,19539000,-1.6775274
139321981031000,19537000,-2.0790768
139322000639000,19608000,-2.135147
139322020179000,19540000,-2.076067
139322039764000,19585000,-1.9980087
139322059664000,19900000,-1.8632183
139322079354000,19690000,-1.5375328
139322098293000,18939000,-1.15417
139322120273000,21980000,-0.73206997
139322139970000,19697000,-0.060775757
139322159349000,19379000,1.108387
139322178892000,19543000,1.7418203
139322198623000,19731000,1.3425198
139322218480000,19857000,0.19715977
139322237700000,19220000,0.12382698
139322257233000,19533000,0.661932
139322276597000,19364000,0.8151016
139322296200000,19603000,0.79186344
139322315671000,19471000,0.4623232
139322335219000,19548000,0.07625866
139322354758000,19539000,-0.38515282
139322374520000,19762000,-1.2089252
139322394037000,19517000,-1.1317596
139322413585000,19548000,-0.9392891
139322433220000,19635000,-0.86269
139322453735000,20515000,-0.9222164
139322473439000,19704000,-1.3829746
139322491836000,18397000,-1.9187946
139322511282000,19446000,-1.8021278
139322530825000,19543000,-1.5318727
139322550346000,19521000,-1.376708
139322569893000,19547000,-1.3752022
139322589611000,19718000,-1.2398405
139322613033000,23422000,-1.2179222
139322628357000,15324000,-0.7367296
139322647893000,19536000,-0.58118916
139322667431000,19538000,-0.48477745
139322686985000,19554000,-0.14091396
139322706521000,19536000,0.4707346
139322726272000,19751000,0.892128
139322745961000,19689000,1.2196655
139322765528000,19567000,1.148387
139322785393000,19865000,0.7505932
139322804650000,19257000,-0.16596794
139322823950000,19300000,-0.70266247
139322843513000,19563000,-0.51618576
139322863055000,19542000,0.49051762
139322882609000,19554000,1.4970016
139322902176000,19567000,1.1646423
139322921772000,19596000,-0.6018419
139322941915000,20143000,-1.9052973
139322961144000,19229000,-2.1359682
139322980285000,19141000,-1.0840807
139322999653000,19368000,-0.3564415
139323019196000,19543000,-0.62429714
139323038752000,19556000,-0.6251745
139323058275000,19523000,-1.1052313
139323077873000,19598000,-1.5846148
139323097477000,19604000,-1.7757902
139323116912000,19435000,-1.3536005
139323136457000,19545000,-1.0461397
139323156072000,19615000,-1.3519278
139323175608000,19536000,-1.6198025
139323195147000,19539000,-1.7534037
139323214673000,19526000,-1.656887
139323234588000,19915000,-1.4072266
139323254736000,20148000,-0.6985588
139323274038000,19302000,0.37433338
139323292979000,18941000,1.8305025
139323312545000,19566000,2.0616255
139323332162000,19617000,1.6605606
139323351618000,19456000,0.9143009
139323371789000,20171000,0.76222706
139323390939000,19150000,0.28457832
139323411244000,20305000,-0.13775635
139323430379000,19135000,-0.14009666
139323449129000,18750000,0.43170643
139323468639000,19510000,0.8118086
139323488178000,19539000,-0.16684437
139323507714000,19536000,-1.0096426
139323527598000,19884000,-1.3722734
139323546787000,19189000,-1.351162
139323566342000,19555000,-1.5220947
139323585874000,19532000,-1.1967068
139323605754000,19880000,-1.1779251
139323624942000,19188000,-1.5033693
139323644470000,19528000,-2.2494483
139323664096000,19626000,-2.8423767
139323683625000,19529000,-2.459149
139323703288000,19663000,-1.5586433
139323722708000,19420000,-0.9445133
139323742581000,19873000,-0.94228745
139323763848000,21267000,-1.1706066
139323781494000,17646000,-1.0741653
139323800995000,19501000,-0.19290352
139323820542000,19547000,0.1331768
139323840076000,19534000,0.7081156
139323859669000,19593000,1.3407145
139323879248000,19579000,1.4952755
139323899417000,20169000,1.4791956
139323918469000,19052000,1.0411339
139323937842000,19373000,0.7166672
139323957307000,19465000,0.6019926
139323976840000,19533000,0.37165642
139323996157000,19317000,0.5994253
139324015744000,19587000,1.286294
139324035230000,19486000,1.187274
139324055460000,20230000,-0.4058962
139324074367000,18907000,-1.1919622
139324093866000,19499000,-1.6501341
139324113381000,19515000,-1.2836733
139324133036000,19655000,-0.8210726
139324157379000,24343000,-0.533288
139324175140000,17761000,-1.0145922
139324194166000,19026000,-1.5141525
139324213512000,19346000,-1.897027
139324233049000,19537000,-2.0871906
139324252589000,19540000,-1.7979164
139324272267000,19678000,-1.6427183
139324292030000,19763000,-1.7561264
139324312705000,20675000,-1.5645046
139324331002000,18297000,-1.4497242
139324353003000,22001000,-1.276679
139324373849000,20846000,-1.083785
139324393375000,19526000,-0.9670181
139324411666000,18291000,-0.8500519
139324430898000,19232000,-0.3312292
139324450432000,19534000,0.35934067
139324469965000,19533000,0.7618952
139324489568000,19603000,1.0493336
139324509121000,19553000,0.8966446
139324528952000,19831000,1.050642
139324549022000,20070000,1.011322
139324568015000,18993000,0.41274738
139324587380000,19365000,0.558856
139324606916000,19536000,0.4574051
139324626461000,19545000,0.032784462
139324646007000,19546000,-0.658762
139324665371000,19364000,-1.2152481
139324684881000,19510000,-1.119669
139324704936000,20055000,-0.9266634
139324724028000,19092000,-0.618413
139324743567000,19539000,-0.38750744
139324763099000,19532000,-0.5985527
139324782632000,19533000,-1.0970993
139324802279000,19647000,-1.5759649
139324822024000,19745000,-2.0546293
139324841509000,19485000,-1.6714888
139324861676000,20167000,-1.7285786
139324880784000,19108000,-1.5748434
139324899952000,19168000,-1.1912956
139324919492000,19540000,-0.8650875
139324939013000,19521000,-0.88327885
139324958553000,19540000,-0.90195465
139324978368000,19815000,-0.32763577
139324998370000,20002000,0.38079548
139325018121000,19751000,0.7068291
139325038385000,20264000,0.65119076
139325056285000,17900000,0.27079582
139325075806000,19521000,0.6756401
139325095317000,19511000,0.92627525
139325115030000,19713000,0.5819597
139325136648000,21618000,0.10191059
139325156168000,19520000,0.63564205
139325175699000,19531000,1.6859522
139325195236000,19537000,1.5504084
139325217225000,21989000,-0.11648083
139325236770000,19545000,-1.5734034
139325256332000,19562000,-2.37853
139325275872000,19540000,-2.493382
139325295411000,19539000,-1.3629503
139325314926000,19515000,-0.70993614
139325334447000,19521000,-0.05722618
139325353984000,19537000,-0.3458948
139325373563000,19579000,-1.2865028
139325393120000,19557000,-1.3258047
139325412656000,19536000,-1.4395666
139325432339000,19683000,-1.2265081
139325451855000,19516000,-1.1870003
139325471459000,19604000,-1.0538349
139325490972000,19513000,-1.1506319
139325511093000,20121000,-1.2075815
139325530290000,19197000,-0.88018227
139325549510000,19220000,-0.85820675
139325569035000,19525000,-0.5101862
139325588597000,19562000,0.10580635
139325608092000,19495000,0.97021484
139325628068000,19976000,1.3173466
139325647024000,18956000,1.0130587
139325666546000,19522000,0.4980526
139325686141000,19595000,0.9207125
139325705618000,19477000,1.3230886
139325727098000,21480000,0.99429417
139325744693000,17595000,0.720623
139325764237000,19544000,0.5236578
139325783822000,19585000,-0.15034676
139325803421000,19599000,-0.994915
139325823293000,19872000,-1.3393326
139325843164000,19871000,-1.4328861
139325863178000,20014000,-1.6412764
139325881705000,18527000,-1.7175703
139325901187000,19482000,-1.0871639
139325920722000,19535000,-0.78243446
139325940261000,19539000,-1.0699854
139325959969000,19708000,-1.8542004
139325979476000,19507000,-2.1788807
139325999523000,20047000,-2.1403046
139326018539000,19016000,-1.8142891
139326037940000,19401000,-1.4869127
139326057465000,19525000,-1.6183367
139326077021000,19556000,-1.0413885
139326096551000,19530000,-0.42694092
139326116164000,19613000,0.4730997
139326135939000,19775000,1.256957
139326155787000,19848000,1.2188263
139326174929000,19142000,0.68549824
139326194030000,19101000,0.5373869
139326213565000,19535000,0.5827713
139326233097000,19532000,0.32258034
139326255094000,21997000,-0.51291275
139326274695000,19601000,-0.8185415
139326294233000,19538000,-0.6511984
139326313769000,19536000,0.18244076
139326333437000,19668000,1.2257195
139326353022000,19585000,1.581397
139326372842000,19820000,0.9997778
139326392474000,19632000,-0.36272335
139326411814000,19340000,-1.4731407
139326431092000,19278000,-2.334581
139326450449000,19357000,-1.3595686
139326469992000,19543000,-0.6535673
139326489522000,19530000,-0.291646
139326509075000,19553000,-0.42543697
139326528627000,19552000,-1.2471361
139326548256000,19629000,-1.7227345
139326567687000,19431000,-2.198564
139326587222000,19535000,-2.3305612
139326607782000,20560000,-1.8898678
139326626485000,18703000,-1.2004042
139326646041000,19556000,-1.1611814
139326665588000,19547000,-1.3320036
139326684942000,19354000,-1.2542763
139326704601000,19659000,-0.9285641
139326723991000,19390000,-0.33396816
139326745982000,21991000,0.1668129
139326765512000,19530000,0.45917034
139326785126000,19614000,0.48722744
139326804717000,19591000,0.5503197
139326824178000,19461000,1.1659002
139326843865000,19687000,1.2830114
139326863388000,19523000,1.3041267
139326882927000,19539000,0.9221678
139326902508000,19581000,0.5381899
139326922275000,19767000,0.2272501
139326941632000,19357000,0.5453949
139326960933000,19301000,0.3848877
139326980425000,19492000,-0.5537605
139326999990000,19565000,-1.1248255
139327019497000,19507000,-1.330842
139327039047000,19550000,-1.5757151
139327058889000,19842000,-1.4407148
139327078125000,19236000,-0.87040997
139327097654000,19529000,0.19542503
139327117499000,19845000,0.21226978
139327136875000,19376000,-1.3729029
139327157725000,20850000,-2.4029508
139327175913000,18188000,-2.5171103
139327195438000,19525000,-1.9631262
139327214976000,19538000,-0.94883156
139327234560000,19584000,-0.90648365
139327254856000,20296000,-1.2807207
139327274950000,20094000,-1.3905697
139327293062000,18112000,-1.101759
139327312599000,19537000,-0.3179617
139327332138000,19539000,0.082645416
139327351674000,19536000,0.6000862
139327371210000,19536000,0.6034231
139327390811000,19601000,0.30336094
139327410379000,19568000,0.3096609
139327430222000,19843000,0.46743774
139327450060000,19838000,1.1385908
139327469092000,19032000,1.3111696
139327488654000,19562000,0.90635204
139327508221000,195670