338811707811000,19697000,-0.25053596
338811727160000,19349000,-0.48003674
338811746639000,19479000,-0.06008339
338811766243000,19604000,0.22348213
338811785646000,19403000,0.2213602
338811805602000,19956000,-0.2569847
338811825535000,19933000,-0.7152748
338811844929000,19394000,-0.86807156
338811863668000,18739000,-0.8692322
338811883177000,19509000,-0.58397293
338811902704000,19527000,-0.37535477
338811922216000,19512000,-0.3381977
338811941780000,19564000,-0.54892063
338811961162000,19382000,-0.8941641
338811980667000,19505000,-0.53223515
338812000179000,19512000,-0.4192915
338812019666000,19487000,-0.6687937
338812040320000,20654000,-0.66956234
338812058837000,18517000,-0.6711216
338812078543000,19706000,-0.6164589
338812097688000,19145000,-0.5824766
338812117235000,19547000,-0.5075674
338812136691000,19456000,-0.526144
338812156188000,19497000,-0.37252235
338812175685000,19497000,-0.27831364
338812195185000,19500000,-0.2814846
338812214763000,19578000,-0.2654009
338812234227000,19464000,-0.40107727
338812254678000,20451000,-0.879859
338812273650000,18972000,-0.9369421
338812292766000,19116000,-0.72725964
338812312264000,19498000,-0.11632538
338812331735000,19471000,0.16954613
338812351215000,19480000,-0.2716303
338812370711000,19496000,-0.5023117
338812390199000,19488000,-0.46463966
338812409722000,19523000,-0.59932804
338812429256000,19534000,-0.6003094
338812448888000,19632000,-0.2962618
338812468231000,19343000,-0.16364288
338812487716000,19485000,-0.1258421
338812507218000,19502000,-0.2986555
338812526804000,19586000,-0.20404434
338812546286000,19482000,-0.071837425
338812567585000,21299000,0.0026407242
338812586792000,19207000,-0.2853365
338812605046000,18254000,-0.4763832
338812624220000,19174000,-0.7242727
338812643720000,19500000,-0.4362688
338812663233000,19513000,-0.28240013
338812682732000,19499000,-0.4159994
338812702233000,19501000,-0.26235676
338812721796000,19563000,-0.26129913
338812741357000,19561000,-0.24102879
338812767103000,25746000,-0.24018955
338812786196000,19093000,-0.4688406
338812807095000,20899000,-0.4293394
338812826545000,19450000,-0.04542446
338812846039000,19494000,-0.10141945
338812865738000,19699000,-0.6358223
338812885062000,19324000,-0.6924677
338812904622000,19560000,-0.67248535
338812924129000,19507000,-0.36488342
338812943632000,19503000,-0.38259315
338812966304000,22672000,-0.936038
338812985547000,19243000,-1.2406969
338813004679000,19132000,-0.8178177
338813024208000,19529000,-0.43321133
338813043729000,19521000,-0.4890709
338813063230000,19501000,-1.0422735
338813082719000,19489000,-1.2696018
338813102295000,19576000,-1.2488346
338813121821000,19526000,-0.92364025
338813141054000,19233000,-1.136446
338813160565000,19511000,-1.5008183
338813180069000,19504000,-0.9822006
338813199594000,19525000,-0.21297455
338813219076000,19482000,0.11462879
338813238649000,19573000,0.094628334
338813258186000,19537000,0.053370476
338813277883000,19697000,-0.17767715
338813298054000,20171000,-0.177207
338813320256000,22202000,-0.3689146
338813341247000,20991000,-0.42940426
338813360496000,19249000,-0.14518642
338813379988000,19492000,-0.071240425
338813399496000,19508000,-0.28363037
338813419002000,19506000,-0.8012562
338813438779000,19777000,-0.59117985
338813458098000,19319000,-0.9181223
338813477729000,19631000,-0.8806534
338813497398000,19669000,-0.82335377
338813517086000,19688000,-0.6697979
338813536560000,19474000,-0.32470226
338813556493000,19933000,-0.5733299
338813575281000,18788000,-0.9750109
338813594853000,19572000,-0.9552326
338813614362000,19509000,-0.5729408
338813634734000,20372000,-0.51746273
338813655692000,20958000,-0.5755873
338813672625000,16933000,-0.4025917
338813692103000,19478000,-0.93774223
338813712308000,20205000,-0.59299374
338813731267000,18959000,0.019402504
338813750668000,19401000,-0.15226936
338813770200000,19532000,-0.55211544
338813789707000,19507000,-0.24237442
338813809554000,19847000,-0.103432655
338813834515000,24961000,-0.09981537
338813851738000,17223000,-0.17578316
338813871278000,19540000,-0.041568756
338813889770000,18492000,0.42040253
338813910202000,20432000,0.04332447
338813930083000,19881000,-0.21830368
338813948103000,18020000,0.30362797
338813967950000,19847000,0.09912491
338813989570000,21620000,-0.6752119
338814009074000,19504000,-0.9568491
338814030640000,21566000,0.1333704
338814049254000,18614000,0.7013912
338814067803000,18549000,1.1506367
338814087151000,19348000,1.3314152
338814106643000,19492000,0.5015793
338814126125000,19482000,-0.4589615
338814145681000,19556000,-0.61303616
338814165147000,19466000,-0.801137
338814184669000,19522000,-1.3485804
338814204190000,19521000,-1.6630764
338814225319000,21129000,-1.840868
338814243171000,17852000,-1.5277605
338814263018000,19847000,-1.3291321
338814282329000,19311000,-1.1711216
338814301726000,19397000,-1.2277813
338814321205000,19479000,-1.5539007
338814340846000,19641000,-1.2107849
338814360208000,19362000,-1.1553011
338814379714000,19506000,-0.6599026
338814399215000,19501000,-0.70121765
338814418784000,19569000,-0.8941469
338814440713000,21929000,-1.1802855
338814460272000,19559000,-1.0251961
338814479753000,19481000,-0.4508915
338814499251000,19498000,-0.010861397
338814518741000,19490000,-0.23846531
338814538479000,19738000,-0.82749367
338814558002000,19523000,-1.0894594
338814578038000,20036000,-0.89453125
338814596980000,18942000,-0.1843977
338814616522000,19542000,0.48902607
338814635938000,19416000,0.36044788
338814655421000,19483000,0.45958328
338814675528000,20107000,0.8429489
338814694234000,18706000,0.8040304
338814713730000,19496000,0.45929146
338814733809000,20079000,-0.037833214
338814752754000,18945000,-0.3999262
338814772316000,19562000,-0.5142193
338814792023000,19707000,-0.651104
338814811471000,19448000,0.7191229
338814830952000,19481000,1.1284094
338814850454000,19502000,-0.013766289
338814870128000,19674000,-1.2489567
338814889539000,19411000,-1.5244055
338814909808000,20269000,-0.8604336
338814928969000,19161000,-0.8046417
338814948900000,19931000,-0.9591856
338814967461000,18561000,-1.1749105
338814990384000,22923000,-1.1669579
338815009872000,19488000,-0.1245985
338815028268000,18396000,0.07763767
338815047747000,19479000,-0.23373127
338815067246000,19499000,-0.4485731
338815086737000,19491000,-0.31828308
338815106299000,19562000,-0.071805
338815125989000,19690000,-0.7237406
338815145345000,19356000,-1.3742104
338815164879000,19534000,-1.6606293
338815184351000,19472000,-1.4496994
338815203830000,19479000,-1.4109745
338815223331000,19501000,-1.1997938
338815242785000,19454000,-0.81620026
338815262235000,19450000,-0.9102402
338815281746000,19511000,-1.3479137
338815301253000,19507000,-1.0389042
338815320747000,19494000,-0.07891083
338815341407000,20660000,0.55666256
338815360130000,18723000,0.5409241
338815379434000,19304000,0.4271698
338815398953000,19519000,0.5983372
338815418460000,19507000,1.3818817
338815437931000,19471000,1.3650837
338815457575000,19644000,0.9505396
338815477101000,19526000,0.9941931
338815497257000,20156000,1.2435541
338815515737000,18480000,1.2036715
338815535213000,19476000,1.2972507
338815554779000,19566000,0.52903557
338815574256000,19477000,-0.601594
338815593716000,19460000,-1.0217819
338815613269000,19553000,-0.9428768
338815632733000,19464000,-1.4005556
338815652238000,19505000,-1.4768028
338815671876000,19638000,-1.5913019
338815691206000,19330000,-1.302556
338815710786000,19580000,-0.9746733
338815730286000,19500000,-1.2014942
338815749882000,19596000,-1.5439663
338815769414000,19532000,-1.5619249
338815788926000,19512000,-1.5026598
338815808469000,19543000,-1.6140957
338815829124000,20655000,-1.7249632
338815848192000,19068000,-1.5320921
338815867200000,19008000,-1.5491104
338815886389000,19189000,-1.3557711
338815905910000,19521000,-0.72232056
338815925211000,19301000,-0.56897926
338815944695000,19484000,-0.5495968
338815964193000,19498000,-0.45206165
338815983787000,19594000,-0.50731087
338816003306000,19519000,-0.54413223
338816023675000,20369000,-0.026733398
338816042709000,19034000,0.73911
338816064424000,21715000,1.6602526
338816083896000,19472000,2.2185583
338816103719000,19823000,1.474905
338816123089000,19370000,0.022006989
338816142200000,19111000,-0.5721178
338816161697000,19497000,-0.40255165
338816181209000,19512000,0.76095295
338816200653000,19444000,1.6526251
338816220152000,19499000,1.1253395
338816239741000,19589000,-0.8155079
338816259157000,19416000,-2.0448952
338816278896000,19739000,-1.6281414
338816298157000,19261000,-1.1138687
338816317651000,19494000,-1.1157894
338816337250000,19599000,-1.1567869
338816356738000,19488000,-1.0465136
338816376198000,19460000,-1.128685
338816395693000,19495000,-0.6364765
338816415153000,19460000,-0.9464083
338816434778000,19625000,-1.8859978
338816454854000,20076000,-2.0207796
338816473705000,18851000,-1.7728605
338816493202000,19497000,-1.6962795
338816512833000,19631000,-1.9445477
338816532342000,19509000,-1.6574726
338816551839000,19497000,-1.3131809
338816571426000,19587000,-0.6426525
338816590965000,19539000,-0.4880247
338816611109000,20144000,-0.084254265
338816634177000,23068000,0.29881
338816651711000,17534000,0.70084476
338816671361000,19650000,1.1021843
338816690789000,19428000,1.7908907
338816710060000,19271000,1.848752
338816729608000,19548000,0.83683014
338816749077000,19469000,-0.23161697
338816768944000,19867000,-0.13401413
338816788049000,19105000,0.24751663
338816807618000,19569000,1.2971563
338816827081000,19463000,2.2897663
338816846577000,19496000,1.2148867
338816866197000,19620000,-0.81522083
338816885588000,19391000,-1.7732306
338816905068000,19480000,-1.6397858
338816924573000,19505000,-1.5240746
338816944081000,19508000,-1.5794697
338816963584000,19503000,-1.5973988
338816983785000,20201000,-1.5406704
338817003806000,20021000,-1.7519493
338817022376000,18570000,-1.9244642
338817042503000,20127000,-1.8677282
338817061724000,19221000,-1.8475695
338817080770000,19046000,-1.8454542
338817100306000,19536000,-1.3074303
338817119810000,19504000,-0.9610958
338817139329000,19519000,-0.93881035
338817158813000,19484000,-0.8013983
338817178517000,19704000,0.023921967
338817200202000,21685000,1.1557503
338817219707000,19505000,1.4667826
338817240141000,20434000,1.3016968
338817261018000,20877000,1.0012894
338817280525000,19507000,0.6943846
338817300089000,19564000,-0.03510475
338817319531000,19442000,0.115057945
338817339031000,19500000,1.338995
338817358526000,19495000,1.9765148
338817378140000,19614000,1.6811285
338817397608000,19468000,-0.13424301
338817417730000,20122000,-1.6710672
338817436539000,18809000,-1.031292
338817456039000,19500000,-0.06258106
338817475581000,19542000,-0.21763515
338817495079000,19498000,-0.7712383
338817514781000,19702000,-1.9749651
338817534538000,19757000,-2.7981253
338817553696000,19158000,-2.6306071
338817573066000,19370000,-1.6983652
338817592544000,19478000,-1.1080008
338817612060000,19516000,-1.1456909
338817631559000,19499000,-1.4309578
338817651055000,19496000,-1.5821009
338817670556000,19501000,-1.8863411
338817690424000,19868000,-1.7318878
338817709911000,19487000,-1.1957226
338817729815000,19904000,-0.9836588
338817748961000,19146000,-0.54002285
338817768248000,19287000,-0.22946835
338817790640000,22392000,0.04053402
338817809639000,18999000,0.86050797
338817829026000,19387000,1.1441803
338817848961000,19935000,0.72156715
338817868032000,19071000,0.47297573
338817887527000,19495000,0.12870312
338817907165000,19638000,-0.0061883926
338817926605000,19440000,0.18242073
338817946390000,19785000,0.6945915
338817965950000,19560000,0.9157047
338817985914000,19964000,0.2388649
338818005131000,19217000,-0.7988491
338818024666000,19535000,-1.2603006
338818044149000,19483000,-1.1083155
338818064200000,20051000,-0.66884136
338818082764000,18564000,-0.57413673
338818102359000,19595000,-0.9394388
338818121646000,19287000,-1.0370808
338818141219000,19573000,-0.9242134
338818160584000,19365000,-0.7332516
338818180070000,19486000,-0.8862419
338818199572000,19502000,-1.0967312
338818219074000,19502000,-1.7865419
338818238570000,19496000,-2.073763
338818258131000,19561000,-1.421588
338818279134000,21003000,-1.2652578
338818298065000,18931000,-1.2041159
338818316994000,18929000,-0.95194054
338818338573000,21579000,-0.7960291
338818358088000,19515000,-0.14300919
338818377622000,19534000,0.60555935
338818397431000,19809000,1.1450615
338818416657000,19226000,1.3400135
338818436278000,19621000,1.1132059
338818455702000,19424000,0.1198225
338818475199000,19497000,-0.49114227
338818494704000,19505000,0.37037754
338818514020000,19316000,2.016736
338818533787000,19767000,2.5338697
338818553098000,19311000,1.8394213
338818572736000,19638000,-0.23815346
338818592059000,19323000,-0.95174503
338818611540000,19481000,-1.4125957
338818631034000,19494000,-1.507906
338818650533000,19499000,-1.1434793
338818670032000,19499000,-1.0466642
338818689556000,19524000,-1.7541399
338818709071000,19515000,-2.3474498
338818728802000,19731000,-2.3864074
338818749070000,20268000,-1.6810551
338818769038000,19968000,-0.840395
338818787241000,18203000,-0.9929247
338818806747000,19506000,-1.8707571
338818828688000,21941000,-2.4982953
338818848055000,19367000,-2.2293391
338818870431000,22376000,-1.3872099
338818889440000,19009000,-0.9840307
338818909287000,19847000,-0.5389786
338818928446000,19159000,0.13684845
338818947948000,19502000,0.52481365
338818967436000,19488000,1.1597881
338818990918000,23482000,1.4313173
338819010845000,19927000,1.3790398
338819028774000,17929000,1.0243826
338819048059000,19285000,-0.018061638
338819067382000,19323000,0.15849972
338819086940000,19558000,1.3039799
338819106390000,19450000,1.8515186
338819125899000,19509000,1.3062124
338819145393000,19494000,0.112594604
338819164989000,19596000,-0.96256065
338819184415000,19426000,-1.0963774
338819203915000,19500000,-1.0565815
338819223419000,19504000,-0.7479992
338819242898000,19479000,-0.9381027
338819262395000,19497000,-1.4358625
338819281995000,19600000,-1.60991
338819301524000,19529000,-1.6500835
338819321339000,19815000,-1.689827
338819340764000,19425000,-1.9963264
338819360163000,19399000,-2.2445207
338819379712000,19549000,-2.2055717
338819401631000,21919000,-1.7076035
338819421764000,20133000,-1.2258167
338819440356000,18592000,-1.2959757
338819459976000,19620000,-1.2876596
338819479359000,19383000,-0.7056799
338819498860000,19501000,-0.18535805
338819518548000,19688000,0.67730045
338819538052000,19504000,1.9251881
338819557601000,19549000,2.200983
338819577124000,19523000,1.406127
338819596606000,19482000,0.45295143
338819616299000,19693000,-0.43225956
338819636472000,20173000,-0.49766445
338819654856000,18384000,0.8722515
338819674359000,19503000,1.8799562
338819693908000,19549000,1.9305582
338819713357000,19449000,0.2932663
338819732878000,19521000,-1.1734638
338819752380000,19502000,-1.5864458
338819771847000,19467000,-1.8032207
338819791372000,19525000,-1.5925808
338819810905000,19533000,-1.5154362
338819830367000,19462000,-1.6908226
338819849858000,19491000,-1.6955938
338819869362000,19504000,-1.5845985
338819888865000,19503000,-1.1845093
338819908720000,19855000,-0.9350214
338819928227000,19507000,-1.2947617
338819948197000,19970000,-2.1533222
338819967139000,18942000,-2.439796
338819986385000,19246000,-1.9806786
338820005872000,19487000,-1.4057207
338820025362000,19490000,-0.46508217
338820044928000,19566000,0.0175848
338820064601000,19673000,0.19479847
338820084052000,19451000,0.5042038
338820104479000,20427000,1.4802971
338820123539000,19060000,3.1640768
338820142708000,19169000,3.3764877
338820162086000,19378000,1.5049295
338820181600000,19514000,0.1903696
338820201102000,19502000,0.022481918
338820220429000,19327000,0.06252861
338820240015000,19586000,0.40430164
338820259460000,19445000,0.34118652
338820279136000,19676000,-0.33336163
338820298481000,19345000,-1.0215569
338820317978000,19497000,-1.7272358
338820337475000,19497000,-1.3235159
338820357049000,19574000,-1.2079124
338820376537000,19488000,-1.743824
338820396060000,19523000,-1.7628517
338820415568000,19508000,-1.7046862
338820435035000,19467000,-1.6833057
338820454529000,19494000,-1.6040411
338820474023000,19494000,-1.6395664
338820493596000,19573000,-1.3120441
338820513091000,19495000,-1.3299875
338820532625000,19534000,-1.2708225
338820552118000,19493000,-0.961648
338820571622000,19504000,-0.6319666
338820591183000,19561000,-0.8384619
338820611558000,20375000,-0.28119183
338820630825000,19267000,0.121435165
338820649764000,18939000,0.6006594
338820669271000,19507000,1.1566353
338820688773000,19502000,1.4622297
338820708801000,20028000,1.0952358
338820727813000,19012000,-0.09556866
338820747379000,19566000,-0.19527721
338820766905000,19526000,0.85108185
338820786221000,19316000,1.7194576
338820805646000,19425000,1.6911955
338820825193000,19547000,0.57468987
338820844705000,19512000,-0.5766182
338820864182000,19477000,-1.6293201
338820883693000,19511000,-2.0498857
338820903280000,19587000,-1.9152737
338820922707000,19427000,-1.7612619
338820942189000,19482000,-1.3802805
338820961923000,19734000,-0.92464924
338820981273000,19350000,-1.1003485
338821000890000,19617000,-1.2542543
338821022954000,22064000,-1.3856039
338821044896000,21942000,-1.3051357
338821066791000,21895000,-1.7229977
338821086046000,19255000,-1.7034473
338821105543000,19497000,-1.8182497
338821125045000,19502000,-1.5484371
338821144615000,19570000,-0.68384266
338821164117000,19502000,-0.1442051
338821183937000,19820000,0.20258713
338821204095000,20158000,0.7979574
338821223371000,19276000,0.8575363
338821242374000,19003000,0.8206339
338821261882000,19508000,1.43361
338821281380000,19498000,1.7421131
338821300871000,19491000,1.0759001
338821320268000,19397000,0.5625076
338821339839000,19571000,-0.010438919
338821359489000,19650000,-0.47243118
338821378811000,19322000,-0.534956
338821398136000,19325000,-0.27291203
338821417634000,19498000,-0.41048336
338821437113000,19479000,-0.774415
338821456616000,19503000,-1.3099556
338821476185000,19569000,-1.2342043
338821495663000,19478000,-0.9687481
338821515129000,19466000,-0.64552593
338821534636000,19507000,-1.0283241
338821554114000,19478000,-1.6382341
338821573896000,19782000,-1.9040442
338821595588000,21692000,-1.5579462
338821615062000,19474000,-1.2306213
338821634725000,19663000,-1.3227301
338821654329000,19604000,-1.4719534
338821673744000,19415000,-1.4108057
338821693260000,19516000,-0.795187
338821712760000,19500000,-0.14266682
338821732225000,19465000,0.03076458
338821751769000,19544000,0.06992149
338821771434000,19665000,0.72171783
338821790932000,19498000,1.4501963
338821810810000,19878000,1.5480871
338821830032000,19222000,0.46053886
338821849255000,19223000,-0.85672855
338821868756000,19501000,-1.373291
338821888078000,19322000,-1.1473703
338821907572000,19494000,0.03151703
338821927091000,19519000,1.4938908
338821946611000,19520000,1.9981785
338821966177000,19566000,0.43663883
338821985803000,19626000,-1.517724
338822005098000,19295000,-2.5693603
338822024593000,19495000,-2.453176
338822044150000,19557000,-1.7257814
338822063590000,19440000,-1.0574961
338822083125000,19535000,-1.0416231
338822105062000,21937000,-0.79698086
338822124552000,19490000,-0.98991776
338822144124000,19572000,-0.68308353
338822163556000,19432000,-1.0649729
338822183056000,19500000,-1.3133774
338822202656000,19600000,-1.6203775
338822222486000,19830000,-1.7549124
338822241821000,19335000,-1.3713427
338822262468000,20647000,-1.2550812
338822280749000,18281000,-0.45003605
338822300249000,19500000,0.92842484
338822319749000,19500000,1.387619
338822339263000,19514000,1.3108711
338822359188000,19925000,1.8452921
338822378371000,19183000,2.0924368
338822397830000,19459000,1.10007
338822417070000,19240000,0.071196556
338822436567000,19497000,-0.077931404
338822456086000,19519000,-0.039553642
338822475568000,19482000,0.014369965
338822495059000,19491000,-0.028191566
338822514628000,19569000,-0.56700325
338822534113000,19485000,-0.7018938
338822553595000,19482000,-0.47239208
338822573083000,19488000,-0.3968506
338822592555000,19472000,-0.3790102
338822612047000,19492000,-0.97435665
338822634014000,21967000,-1.703496
338822654072000,20058000,-1.9142418
338822673074000,19002000,-1.7977057
338822692531000,19457000,-1.8713179
338822712082000,19551000,-1.6380806
338822731564000,19482000,-1.4634056
338822752225000,20661000,-1.1558084
338822770710000,18485000,-0.79098797
338822790277000,19567000,0.072859764
338822809862000,19585000,0.45954895
338822829928000,20066000,0.6373892
338822848930000,19002000,0.44966984
338822868314000,19384000,0.39483452
338822888209000,19895000,1.104043
338822907251000,19042000,2.1581163
338822926726000,19475000,2.065462
338822946200000,19474000,-0.12904263
338822965864000,19664000,-1.5973072
338822985014000,19150000,-0.8531532
338823004510000,19496000,0.24919128
338823024055000,19545000,0.7989235
338823043519000,19464000,0.6815443
338823063033000,19514000,-1.0189056
338823082528000,19495000,-2.735547
338823102020000,19492000,-3.038618
338823121513000,19493000,-1.931139
338823143538000,22025000,-1.1535378
338823163013000,19475000,-1.119051
338823182478000,19465000,-1.8672085
338823201973000,19495000,-1.9057455
338823221479000,19506000,-1.9049234
338823240987000,19508000,-2.2858644
338823260752000,19765000,-2.265411
338823280049000,19297000,-1.595891
338823299658000,19609000,-1.002965
338823319179000,19521000,-0.5241585
338823338678000,19499000,-0.54201794
338823358166000,19488000,-0.40655518
338823377895000,19729000,0.36117554
338823397501000,19606000,0.44015694
338823416770000,19269000,0.78626823
338823436722000,19952000,1.435483
338823455684000,18962000,1.4911928
338823475200000,19516000,1.3570786
338823494704000,19504000,1.0320444
338823514204000,19500000,0.47551823
338823533833000,19629000,0.43315125
338823553038000,19205000,0.5606098
338823572610000,19572000,0.20999432
338823592091000,19481000,-0.21457386
338823611582000,19491000,-0.4070034
338823631089000,19507000,-0.5036688
338823650587000,19498000,-0.56305885
338823672726000,22139000,-1.5238266
338823692065000,19339000,-1.9852152
338823711569000,19504000,-2.024166
338823731081000,19512000,-1.7556925
338823750615000,19534000,-1.6390047
338823770099000,19484000,-2.152669
338823789585000,19486000,-2.4561858
338823809091000,19506000,-2.033762
338823828676000,19585000,-1.1338673
338823848328000,19652000,-0.50098705
338823867606000,19278000,0.056925774
338823887117000,19511000,0.48058224
338823906620000,19503000,1.1332178
338823926126000,19506000,1.3849592
338823945627000,19501000,1.2751493
338823965247000,19620000,1.1466427
338823984799000,19552000,0.7866421
338824004352000,19553000,-0.052316666
338824023764000,19412000,-0.60654354
338824043218000,19454000,0.30860138
338824062765000,19547000,0.72401905
338824082217000,19452000,0.470253
338824101699000,19482000,-0.43320084
338824121196000,19497000,-1.2955923
338824140700000,19504000,-1.4863834
338824160235000,19535000,-1.4086456
338824182172000,21937000,-0.06795502
338824201667000,19495000,0.14162445
338824221176000,19509000,-0.8944473
338824241223000,20047000,-2.0458698
338824260760000,19537000,-2.4116778
338824279719000,18959000,-1.4180975
338824299206000,19487000,-1.0155869
338824318708000,19502000,-1.414568
338824338218000,19510000,-2.082819
338824357718000,19500000,-1.8731432
338824377968000,20250000,-1.3577881
338824396973000,19005000,-0.55346394
338824416547000,19574000,-0.1103344
338824436668000,20121000,0.19922638
338824455890000,19222000,0.46795177
338824474883000,18993000,0.27695942
338824494429000,19546000,0.75586987
338824513938000,19509000,1.3886709
338824533421000,19483000,0.7791929
338824552921000,19500000,0.22696304
338824572462000,19541000,0.35999298
338824591726000,19264000,0.43125534
338824611356000,19630000,0.72805405
338824630786000,19430000,0.45286274
338824650296000,19510000,-0.43322372
338824670972000,20676000,-1.2410908
338824689254000,18282000,-1.3015041
338824708755000,19501000,-0.76869106
338824728289000,19534000,-0.31145096
338824747812000,19523000,-1.1746578
338824767946000,20134000,-1.942008
338824787895000,19949000,-2.4211135
338824806505000,18610000,-2.3055367
338824825799000,19294000,-2.1509256
338824845297000,19498000,-1.8429298
338824864798000,19501000,-1.343914
338824884357000,19559000,-0.7112303
338824903872000,19515000,-0.13595867
338824923424000,19552000,0.15201664
338824943675000,20251000,0.076924324
338824963166000,19491000,-0.112810135
338824982587000,19421000,0.25294304
338825002336000,19749000,1.2506495
338825020982000,18646000,2.7477798
338825040511000,19529000,2.5621471
338825060018000,19507000,1.2471981
338825079574000,19556000,-0.50908947
338825099133000,19559000,-0.8703251
338825118379000,19246000,0.3520975
338825137834000,19455000,1.1531191
338825157393000,19559000,0.996809
338825176910000,19517000,-0.040133476
338825196373000,19463000,-1.6893663
338825215854000,19481000,-1.6528921
338825235341000,19487000,-1.3277035
338825254857000,19516000,-1.2495041
338825274357000,19500000,-1.4209719
338825296424000,22067000,-1.7676868
338825315912000,19488000,-2.3063483
338825335387000,19475000,-2.3267188
338825354907000,19520000,-2.2689347
338825374725000,19818000,-1.7870083
338825394278000,19553000,-1.0359793
338825413501000,19223000,-0.57353115
338825432984000,19483000,-1.3575916
338825453022000,20038000,-1.7788477
338825472029000,19007000,-1.3770952
338825491536000,19507000,-1.2801666
338825511230000,19694000,-1.2760572
338825530716000,19486000,-0.15809631
338825550634000,19918000,1.147975
338825569662000,19028000,1.3579865
338825589012000,19350000,0.89336586
338825608692000,19680000,1.2134981
338825628412000,19720000,1.900835
338825647751000,19339000,2.1698017
338825666930000,19179000,1.9017019
338825686761000,19831000,1.2651958
338825705985000,19224000,0.7205248
338825725373000,19388000,-0.22248936
338825744870000,19497000,-1.067502
338825764438000,19568000,-1.0681105
338825783935000,19497000,-1.0103111
338825803413000,19478000,-1.4507456
338825822912000,19499000,-1.9872208
338825842364000,19452000,-2.3134265
338825861908000,19544000,-1.7773733
338825881576000,19668000,-1.5468721
338825900892000,19316000,-1.7749796
338825920381000,19489000,-1.8121824
338825939958000,19577000,-1.6202288
338825959439000,19481000,-1.4852743
338825979084000,19645000,-1.2917261
338825998594000,19510000,-0.79013824
338826018162000,19568000,-0.19079399
338826037711000,19549000,0.1215229
338826057711000,20000000,0.45174408
338826076935000,19224000,0.7800827
338826096092000,19157000,0.056778908
338826115614000,19522000,-0.4750805
338826135133000,19519000,-0.49258423
338826154603000,19470000,0.042705536
338826174108000,19505000,1.1486931
338826194239000,20131000,1.1406965
338826215712000,21473000,0.9989662
338826237875000,22163000,0.990118
338826256832000,18957000,-0.24013615
338826276306000,19474000,-1.1812496
338826295807000,19501000,-1.5661621
338826315336000,19529000,-1.2030764
338826334952000,19616000,-0.59106636
338826354711000,19759000,-0.6501951
338826373844000,19133000,-1.2463903
338826393475000,19631000,-1.7278357
338826412830000,19355000,-1.9968061
338826432398000,19568000,-1.8430948
338826451898000,19500000,-1.7074108
338826471536000,19638000,-1.0935144
338826491050000,19514000,-1.2465553
338826510507000,19457000,-1.0742311
338826530233000,19726000,-1.1121454
338826549710000,19477000,-0.44000816
338826569623000,19913000,0.5583515
338826588837000,19214000,1.4421482
338826608025000,19188000,1.8660755
338826627550000,19525000,1.3317051
338826647054000,19504000,0.47165775
338826666537000,19483000,0.24512005
338826685869000,19332000,0.6893301
338826705380000,19511000,0.8639002
338826724909000,19529000,0.9364977
338826744404000,19495000,0.7389765
338826764217000,19813000,-0.24107075
338826783381000,19164000,-1.1026831
338826804481000,21100000,-1.3683224
338826822390000,17909000,-1.6137943
338826841934000,19544000,-1.6301174
338826861376000,19442000,-1.1327324
338826880892000,19516000,-0.751482
338826900531000,19639000,-1.077446
338826919892000,19361000,-1.7265654
338826939472000,19580000,-1.7810135
338826958955000,19483000,-1.5685139
338826979240000,20285000,-1.9319181
338826998158000,18918000,-1.9898939
338827017607000,19449000,-1.8558035
338827037174000,19567000,-1.6807747
338827056671000,19497000,-0.8718319
338827076785000,20114000,-0.5402899
338827096019000,19234000,0.055823326
338827115073000,19054000,0.7067299
338827134607000,19534000,1.5696125
338827154108000,19501000,1.8410673
338827173601000,19493000,2.0755997
338827193114000,19513000,2.309805
338827212778000,19664000,0.63135815
338827232989000,20211000,-1.0653334
338827252303000,19314000,-0.5890293
338827271381000,19078000,0.38067818
338827290597000,19216000,0.9867449
338827312880000,22283000,0.7327213
338827332513000,19633000,-0.5149746
338827353847000,21334000,-1.3590508
338827373416000,19569000,-1.5690374
338827392818000,19402000,-1.5267134
338827412373000,19555000,-1.2524595
338827431836000,19463000,-0.9441271
338827451365000,19529000,-1.1757841
338827470867000,19502000,-1.0254183
338827490359000,19492000,-1.2186375
338827509831000,19472000,-1.0462027
338827529736000,19905000,-0.4899025
338827548872000,19136000,-0.7361889
338827568431000,19559000,-1.3642826
338827587921000,19490000,-1.9355316
338827607362000,19441000,-2.1835933
338827627044000,19682000,-1.4179726
338827646705000,19661000,-0.90033627
338827666130000,19425000,-0.82022953
338827685895000,19765000,-0.98782635
338827706246000,20351000,-0.8482294
338827724920000,18674000,-0.19417572
338827744226000,19306000,0.8995838
338827764264000,20038000,1.5725508
338827783252000,18988000,1.3066826
338827802558000,19306000,0.5621309
338827822060000,19502000,-0.31224155
338827841376000,19316000,-1.0881071
338827861836000,20460000,-0.81437683
338827880380000,18544000,0.36771774
338827899885000,19505000,1.0426989
338827919530000,19645000,0.3347597
338827938893000,19363000,-0.2900381
338827958682000,19789000,-0.43053532
338827978064000,19382000,-0.68009377
338827997566000,19502000,-0.35302925
338828017072000,19506000,-0.33325863
338828037421000,20349000,-0.9465065
338828055901000,18480000,-1.253519
338828075396000,19495000,-1.1580315
338828094956000,19560000,-1.0810413
338828114408000,19452000,-1.0814791
338828133981000,19573000,-1.4650068
338828153487000,19506000,-1.8483868
338828172996000,19509000,-1.5226831
338828192585000,19589000,-0.79353046
338828212075000,19490000,-0.7903671
338828231836000,19761000,-0.9618578
338828252389000,20553000,-0.5063429
338828271362000,18973000,0.10319233
338828290423000,19061000,0.5038099
338828309586000,19163000,0.064024925
338828329119000,19533000,-0.77665997
338828348625000,19506000,-0.92655945
338828368112000,19487000,-0.82439995
338828387573000,19461000,-0.5673008
338828407195000,19622000,-0.082250595
338828426685000,19490000,1.4328356
338828445946000,19261000,2.3342047
338828465439000,19493000,2.4131699
338828484941000,19502000,1.2120533
338828504463000,19522000,0.75730324
338828524002000,19539000,0.51312923
338828543522000,19520000,-0.38045597
338828563011000,19489000,-0.91028786
338828582500000,19489000,-0.7728815
338828602078000,19578000,-0.7745619
338828622446000,20368000,-0.818305
338828641041000,18595000,0.47635174
338828660533000,19492000,0.26292133
338828680168000,19635000,-1.4375
338828699666000,19498000,-2.0847874
338828719175000,19509000,-1.1287622
338828738765000,19590000,0.09269619
338828758524000,19759000,0.49430656
338828778132000,19608000,0.015223503
338828798417000,20285000,-1.3081055
338828817608000,19191000,-1.4444304
338828837185000,19577000,-1.3673239
338828855731000,18546000,-1.1552992
338828875213000,19482000,-0.65899277
338828894718000,19505000,-0.8159952
338828914380000,19662000,-1.6609383
338828933878000,19498000,-1.8715973
338828953983000,20105000,-1.5065689
338828972924000,18941000,-1.1991835
338828994648000,21724000,-0.9503231
338829013957000,19309000,-1.1049633
338829033512000,19555000,-1.5463581
338829052957000,19445000,-1.776577
338829072544000,19587000,-0.95435715
338829092052000,19508000,0.3287363
338829111611000,19559000,1.4420204
338829131049000,19438000,1.1591921
338829150533000,19484000,0.18662643
338829170148000,19615000,0.1502142
338829189573000,19425000,0.8233061
338829209899000,20326000,1.5565567
338829229361000,19462000,1.414896
338829248201000,18840000,0.20560265
338829267697000,19496000,-0.8546295
338829287208000,19511000,-0.564806
338829306708000,19500000,0.09993076
338829326166000,19458000,2.0039864
338829345786000,19620000,2.2765102
338829367733000,21947000,1.0128593
338829388036000,20303000,-0.4741192
338829406719000,18683000,-0.8081579
338829425990000,19271000,-1.1374102
338829445440000,19450000,-1.0984592
338829465780000,20340000,-1.0748034
338829484533000,18753000,-1.2057419
338829504017000,19484000,-1.1844339
338829526104000,22087000,-1.2042542
338829546265000,20161000,-0.5547123
338829569783000,23518000,-0.057710648
338829589273000,19490000,-0.07314968
338829608789000,19516000,-0.65833473
338829628787000,19998000,-1.3759832
338829647796000,19009000,-1.6929092
338829667291000,19495000,-1.6093693
338829687236000,19945000,-1.1786957
338829706723000,19487000,-0.49924946
338829726502000,19779000,-0.87154007
338829745565000,19063000,-1.3823204
338829765016000,19451000,-0.97971153
338829784494000,19478000,-0.3480606
338829803995000,19501000,-0.5950289
338829823491000,19496000,-0.68770504
338829843055000,19564000,-0.742609
338829862603000,19548000,-0.9686241
338829882731000,20128000,-1.0583477
338829901977000,19246000,-0.9394913
338829920985000,19008000,-0.3834896
338829940524000,19539000,0.8394737
338829960030000,19506000,2.1989021
338829979539000,19509000,2.092185
338829999028000,19489000,0.5354929
338830018590000,19562000,-0.43384838
338830037878000,19288000,-0.30558586
338830057637000,19759000,0.48061562
338830079371000,21734000,0.61988926
338830098882000,19511000,-0.17622852
338830118369000,19487000,-0.62653637
338830138029000,19660000,-0.8082037
338830157357000,19328000,-0.70026016
338830176863000,19506000,-0.57231236
338830196384000,19521000,-0.42381
338830215889000,19505000,-0.46634007
338830235608000,19719000,-0.16645241
338830255089000,19481000,-0.13709736
338830274760000,19671000,-0.47276592
338830294236000,19476000,-0.86714554
338830315071000,20835000,-0.990469
338830333514000,18443000,-0.61485004
338830353386000,19872000,-0.17935276
338830372173000,18787000,-0.71916866
338830391659000,19486000,-1.4322386
338830411167000,19508000,-1.2846689
338830430773000,19606000,-0.37065125
338830450280000,19507000,-0.06659317
338830470454000,20174000,-0.25773907
338830489723000,19269000,-0.54479027
338830508787000,19064000,-1.0809765
338830528231000,19444000,-1.6547508
338830547723000,19492000,-1.5969286
338830567212000,19489000,-1.0223227
338830586755000,19543000,-0.54303837
338830610608000,23853000,-0.69421196
338830630244000,19636000,-1.0559683
338830650298000,20054000,-0.40698814
338830669875000,19577000,0.73770905
338830688982000,19107000,2.2462082
338830708474000,19492000,2.3794117
338830727958000,19484000,1.080368
338830747479000,19521000,0.73943996
338830766987000,19508000,0.6475668
338830786499000,19512000,0.5946598
338830806108000,19609000,0.9606447
338830825702000,19594000,1.0924234
338830845011000,19309000,0.8589363
338830864499000,19488000,0.43394947
338830884005000,19506000,0.009408951
338830903510000,19505000,-0.49029064
338830923569000,20059000,-0.58692837
338830942607000,19038000,-0.93157005
338830962338000,19731000,-1.3899164
338830981806000,19468000,-1.8654222
338831001539000,19733000,-2.1105824
338831020735000,19196000,-1.8972607
338831040488000,19753000,-1.0924854
338831059887000,19399000,-0.99606705
338831079487000,19600000,-1.4161787
338831099077000,19590000,-2.0278702
338831118688000,19611000,-1.8934526
338831137949000,19261000,-1.2030449
338831157646000,19697000,-1.3723965
338831177098000,19452000,-1.675312
338831196284000,19186000,-1.6537352
338831218085000,21801000,-0.80813694
338831237706000,19621000,-0.61221695
338831257065000,19359000,-0.35844707
338831276566000,19501000,-0.56492233
338831296071000,19505000,-0.5039835
338831315749000,19678000,-0.36680317
338831335299000,19550000,0.3058977
338831354811000,19512000,1.1878719
338831374404000,19593000,2.203535
338831393932000,19528000,1.996892
338831413776000,19844000,0.8340664
338831432879000,19103000,-0.23438263
338831452122000,19243000,0.6634121
338831471687000,19565000,1.8444614
338831491154000,19467000,2.2963867
338831510656000,19502000,1.5398932
338831530315000,19659000,-0.63082314
338831549663000,19348000,-1.8012486
338831569262000,19599000,-1.7840147
338831588708000,19446000,-1.038578
338831608219000,19511000,-0.77119064
338831627689000,19470000,-0.96367455
338831647191000,19502000,-1.6564512
338831666801000,19610000,-1.7000046
338831686411000,19610000,-1.8771725
338831705806000,19395000,-1.7270555
338831725368000,19562000,-1.2310972
338831745134000,19766000,-1.0767145
338831764821000,19687000,-1.4947681
338831783937000,19116000,-1.9116364
338831803295000,19358000,-2.3290143
338831822773000,19478000,-1.9820404
338831842265000,19492000,-1.2534275
338831861772000,19507000,-0.7349062
338831881306000,19534000,-0.3299923
338831900986000,19680000,0.22887039
338831920302000,19316000,0.47952366
338831939873000,19571000,0.8836889
338831959378000,19505000,1.3637953
338831979133000,19755000,1.9397421
338831998515000,19382000,1.5609322
338832018010000,19495000,0.9718189
338832037575000,19565000,0.57008266
338832057163000,19588000,0.37100506
338832076407000,19244000,1.6606302
338832095856000,19449000,2.3565845
338832115423000,19567000,1.3530855
338832134873000,19450000,-1.0622072
338832154397000,19524000,-2.1537323
338832173925000,19528000,-2.209968
338832193439000,19514000,-2.1882691
338832212946000,19507000,-2.1475697
338832232446000,19500000,-2.108079
338832252097000,19651000,-2.1846633
338832271571000,19474000,-2.011362
338832291910000,20339000,-2.181541
338832315142000,23232000,-1.8744144
338832335029000,19887000,-1.2822924
338832354793000,19764000,-1.2840414
338832376286000,21493000,-1.3801413
338832395785000,19499000,-1.1114912
338832415291000,19506000,-0.8420372
338832434875000,19584000,-0.22834015
338832454375000,19500000,0.68987656
338832474649000,20274000,1.2640934
338832493555000,18906000,1.0362501
338832513639000,20084000,1.4408436
338832532592000,18953000,1.7128468
338832552001000,19409000,1.1427784
338832571327000,19326000,-0.059907913
338832590900000,19573000,-0.88133335
338832610371000,19471000,-0.61394215
338832629906000,19535000,-0.005856514
338832649395000,19489000,1.6514711
338832668958000,19563000,1.9299479
338832688438000,19480000,-0.21477413
338832707957000,19519000,-2.1067028
338832727468000,19511000,-2.4482293
338832746970000,19502000,-2.4090486
338832766657000,19687000,-1.7229185
338832785984000,19327000,-1.0203934
338832805506000,19522000,-1.2360744
338832824997000,19491000,-1.3734426
338832844499000,19502000,-1.3192787
338832864860000,20361000,-1.0137482
338832886370000,21510000,-0.9555721
338832905663000,19293000,-1.2987785
338832925725000,20062000,-1.4120913
338832944892000,19167000,-1.8326178
338832966436000,21544000,-1.5831957
338832985939000,19503000,-1.2764521
338833005848000,19909000,-0.8737755
338833025031000,19183000,-0.52900887
338833044539000,19508000,0.5424824
338833064558000,20019000,1.1548052
338833083695000,19137000,1.116437
338833103166000,19471000,1.4217768
338833122726000,19560000,1.8796463
338833142395000,19669000,1.17208
338833161865000,19470000,0.27554607
338833181747000,19882000,-0.107058525
338833200576000,18829000,-0.1690197
338833220103000,19527000,0.12956333
338833239628000,19525000,0.083782196
338833259114000,19486000,-0.22736931
338833278791000,19677000,-0.68833923
338833298149000,19358000,-1.1077795
338833317697000,19548000,-1.8331747
338833337329000,19632000,-1.469594
338833356681000,19352000,-0.99197674
338833376265000,19584000,-0.8581867
338833395774000,19509000,-1.335844
338833415273000,19499000,-1.9081182
338833434945000,19672000,-2.020524
338833454418000,19473000,-1.4633541
338833476331000,21913000,-1.0419073
338833495867000,19536000,-1.5776463
338833515244000,19377000,-1.7094078
338833534712000,19468000,-1.0931273
338833554218000,19506000,-0.28513432
338833573777000,19559000,0.3105173
338833593309000,19532000,1.5946903
338833613296000,19987000,2.15135
338833632460000,19164000,1.8477821
338833651988000,19528000,0.7779293
338833671485000,19497000,-0.42709637
338833690828000,19343000,-0.7165232
338833710397000,19569000,-0.6271391
338833729861000,19464000,0.47546673
338833749499000,19638000,1.8060837
338833769043000,19544000,0.82260513
338833788386000,19343000,-1.2108212
338833807886000,19500000,-1.9011984
338833827472000,19586000,-1.9772644
338833846953000,19481000,-1.229003
338833866469000,19516000,-0.154459
338833886027000,19558000,-0.1914463
338833905462000,19435000,-0.8805132
338833925071000,19609000,-1.3976288
338833944491000,19420000,-1.9332151
338833964006000,19515000,-1.6247816
338833983945000,19939000,-0.98902893
338834003520000,19575000,-1.0602322
338834025515000,21995000,-1.6295376
338834045051000,19536000,-1.7998638
338834064637000,19586000,-1.5680952
338834083532000,18895000,-1.0101395
338834103448000,19916000,0.4280138
338834122517000,19069000,1.5776558
338834142039000,19522000,1.4435434
338834161578000,19539000,0.8292427
338834181088000,19510000,0.71384907
338834200611000,19523000,0.8502102
338834220127000,19516000,0.50809574
338834239623000,19496000,0.27631474
338834259116000,19493000,0.57594585
338834278630000,19514000,0.6828985
338834298114000,19484000,-0.22327518
338834317626000,19512000,-1.2036924
338834337217000,19591000,-1.0532894
338834356636000,19419000,-0.09643841
338834376238000,19602000,-0.07732487
338834395749000,19511000,-0.55672455
338834415253000,19504000,-1.3617344
338834434838000,19585000,-1.6104774
338834454258000,19420000,-2.0504084
338834473774000,19516000,-1.8196602
338834493484000,19710000,-1.7605114
338834513121000,19637000,-1.6819649
338834532567000,19446000,-1.7378435
338834551795000,19228000,-1.4685783
338834571306000,19511000,-1.0836344
338834592778000,21472000,-0.3342266
338834611665000,18887000,0.47324753
338834629962000,18297000,0.49533653
338834649942000,19980000,-0.1719389
338834668812000,18870000,-0.9141588
338834688292000,19480000,-1.0441847
338834707803000,19511000,0.3556986
338834727312000,19509000,1.2752666
338834746898000,19586000,0.54703903
338834766398000,19500000,-0.7752485
338834785892000,19494000,-0.7404909
338834805456000,19564000,0.3251829
338834824987000,19531000,1.3903923
338834844456000,19469000,1.6892376
338834863942000,19486000,-0.094249725
338834883450000,19508000,-1.5689964
338834903559000,20109000,-1.7406273
338834922402000,18843000,-1.3558617
338834941924000,19522000,-0.3772936
338834961454000,19530000,-0.08996773
338834980938000,19484000,-0.47560883
338835000444000,19506000,-1.090848
338835020092000,19648000,-1.4925737
338835039447000,19355000,-2.0067883
338835058965000,19518000,-2.0801582
338835078468000,19503000,-1.943862
338835097977000,19509000,-1.8857574
338835117472000,19495000,-1.3878298
338835137047000,19575000,-1.3484707
338835156609000,19562000,-0.98292255
338835178599000,21990000,0.49387074
338835198120000,19521000,1.7215338
338835219920000,21800000,2.1257
338835239415000,19495000,1.5133543
338835258944000,19529000,1.2647514
338835278447000,19503000,1.0184927
338835298008000,19561000,0.18147278
338835317531000,19523000,0.12924767
338835336983000,19452000,0.11105156
338835356506000,19523000,0.659112
338835375977000,19471000,0.5173273
338835395479000,19502000,-0.8084736
338835414985000,19506000,-1.1935778
338835434525000,19540000,-0.7732611
338835454085000,19560000,-0.9262943
338835473560000,19475000,-1.367547
338835493323000,19763000,-1.4083185
338835513691000,20368000,-1.3340816
338835532973000,19282000,-1.4102802
338835552009000,19036000,-1.6765356
338835571931000,19922000,-2.0192041
338835590570000,18639000,-2.209948
338835610071000,19501000,-1.6358366
338835629587000,19516000,-1.0610418
338835649095000,19508000,-1.4612465
338835668597000,19502000,-1.5735731
338835688448000,19851000,-1.1695538
338835707676000,19228000,-0.4790535
338835729807000,22131000,0.88096714
338835749371000,19564000,2.1065416
338835771056000,21685000,2.2415419
338835790538000,19482000,1.4962225
338835810064000,19526000,0.8466873
338835829648000,19584000,-0.09009075
338835849115000,19467000,-0.83506584
338835868609000,19494000,-0.89280224
338835888116000,19507000,0.21618748
338835907616000,19500000,0.29118252
338835928774000,21158000,-1.2978287
338835946662000,17888000,-1.8346148
338835966698000,20036000,-1.0695744
338835985664000,18966000,-0.41729164
338836005195000,19531000,-0.109127045
338836024848000,19653000,-0.26387882
338836044227000,19379000,-0.8233061
338836063723000,19496000,-1.4201889
338836083303000,19580000,-1.9379778
338836102813000,19510000,-2.2246099
338836122320000,19507000,-1.8984499
338836141937000,19617000,-0.94123745
338836161608000,19671000,-0.31039715
338836181128000,19520000,-0.86644363
338836201093000,19965000,-1.3066177
338836220211000,19118000,-1.2282076
338836239486000,19275000,-0.45926476
338836259021000,19535000,1.3813696
338836278516000,19495000,2.1497889
338836300737000,22221000,0.9671736
338836322499000,21762000,-0.23733807
338836346197000,23698000,0.09004021
338836366144000,19947000,0.113832474
338836385660000,19516000,0.40195084
338836405215000,19555000,0.9525423
338836424737000,19522000,1.6508694
338836444228000,19491000,1.869298
338836463709000,19481000,1.114438
338836483234000,19525000,-0.38195992
338836502703000,19469000,-1.3197527
338836522269000,19566000,-1.2808752
338836541775000,19506000,-1.3574753
338836561255000,19480000,-1.3009806
338836580750000,19495000,-1.0533962
338836600266000,19516000,-1.5713339
338836619983000,19717000,-2.3374743
338836639472000,19489000,-3.084445
338836659020000,19548000,-2.8939228
338836678632000,19612000,-2.7809362
338836698623000,19991000,-2.5352607
338836717999000,19376000,-1.3500862
338836737002000,19003000,0.37292767
338836756535000,19533000,0.62319183
338836776046000,19511000,-0.46690464
338836795575000,19529000,-0.6951542
338836815040000,19465000,-0.024039268
338836834655000,19615000,0.97342014
338836855445000,20790000,1.4384584
338836875399000,19954000,2.056985
338836895505000,20106000,2.0212688
338836916120000,20615000,-0.17713737
338836937113000,20993000,-1.3630238
338836956716000,19603000,-0.82942295
338836975791000,19075000,0.37346745
338836997794000,22003000,0.61889935
338837017239000,19445000,0.50194645
338837036751000,19512000,-0.3208828
338837056256000,19505000,-1.0444784
338837076062000,19806000,-1.2492857
338837095318000,19256000,-0.13549423
338837114803000,19485000,0.7814617
338837134289000,19486000,0.4128952
338837153800000,19511000,-0.6625433
338837173297000,19497000,-2.0215092
338837192799000,19502000,-1.6372337
338837212310000,19511000,-0.41078758
338837231814000,19504000,-0.25451946
338837251338000,19524000,-1.0929766
338837270921000,19583000,-1.6435709
338837290672000,19751000,-2.0958824
338837310379000,19707000,-1.4588175
338837329531000,19152000,-0.97487926
338837349090000,19559000,-0.43079472
338837368566000,19476000,-0.34327793
338837388076000,19510000,-0.15614223
338837407577000,19501000,-0.4652071
338837427197000,19620000,-0.28235912
338837446705000,19508000,0.14058876
338837466833000,20128000,0.6588497
338837489324000,22491000,0.32394218
338837507761000,18437000,0.13681984
338837527038000,19277000,0.4010744
338837547382000,20344000,0.84005547
338837565895000,18513000,0.51688385
338837585323000,19428000,-0.3525133
338837604824000,19501000,-1.1962729
338837624399000,19575000,-1.5440426
338837644469000,20070000,-1.7812614
338837663704000,19235000,-1.5969715
338837683050000,19346000,-1.3138504
338837702419000,19369000,-0.9895992
338837722040000,19621000,-0.98998547
338837741400000,19360000,-1.1046066
338837761020000,19620000,-1.4669962
338837780539000,19519000,-1.6767683
338837800052000,19513000,-1.3125391
338837819567000,19515000,-0.9470644
338837839160000,19593000,-0.7511864
338837858709000,19549000,-0.6883707
338837878833000,20124000,-0.6649494
338837898007000,19174000,0.0085811615
338837917064000,19057000,0.4151783
338837936590000,19526000,0.690567
338837956094000,19504000,0.50775146
338837975602000,19508000,0.2294035
338837995091000,19489000,0.15886497
338838014820000,19729000,0.009988785
338838035683000,20863000,-0.9987745
338838054393000,18710000,-0.46766758
338838076131000,21738000,0.93788147
338838095120000,18989000,1.3871078
338838116994000,21874000,0.8435297
338838137068000,20074000,-1.092452
338838155834000,18766000,-2.0701628
338838175345000,19511000,-1.9763107
338838194879000,19534000,-1.2112837
338838214452000,19573000,-0.6359539
338838233856000,19404000,-0.8676882
338838253358000,19502000,-1.313262
338838272915000,19557000,-1.7758236
338838292431000,19516000,-2.3506541
338838311893000,19462000,-1.6803408
338838331401000,19508000,-1.5262394
338838350920000,19519000,-1.4681864
338838370502000,19582000,-1.6206312
338838390219000,19717000,-1.714819
338838409466000,19247000,-1.1592388
338838429080000,19614000,-0.124718666
338838448605000,19525000,0.77865696
338838468112000,19507000,0.61207867
338838487608000,19496000,0.5019388
338838507129000,19521000,0.92504597
338838526759000,19630000,1.5570993
338838546295000,19536000,1.6346321
338838566179000,19884000,1.1033945
338838585336000,19157000,0.43702126
338838604614000,19278000,0.031967163
338838623984000,19370000,0.5537729
338838643524000,19540000,1.6638889
338838662993000,19469000,0.94344807
338838684916000,21923000,-1.203062
338838704417000,19501000,-1.9108248
338838723918000,19501000,-1.3193569
338838743423000,19505000,-0.78668785
338838762981000,19558000,-1.3052244
338838782427000,19446000,-2.2042441
338838801941000,19514000,-2.5465837
338838821508000,19567000,-2.2566266
338838844930000,23422000,-2.2939143
338838863460000,18530000,-1.548316
338838882375000,18915000,-0.6707449
338838901910000,19535000,-0.88014126
338838921426000,19516000,-1.4892054
338838941086000,19660000,-0.87236786
338838960572000,19486000,-0.23683262
338838980051000,19479000,0.7043953
338838999588000,19537000,1.0533819
338839019077000,19489000,0.7351818
338839038779000,19702000,0.7058945
338839058234000,19455000,1.0790529
338839078361000,20127000,0.37538242
338839097872000,19511000,-0.6963606
338839116595000,18723000,-1.4255037
338839136119000,19524000,-0.03387451
338839155620000,19501000,1.1812134
338839175120000,19500000,1.7424841
338839194724000,19604000,0.86662674
338839216555000,21831000,-0.86751556
338839238585000,22030000,-1.9241381
338839262686000,24101000,-1.7511988
338839282181000,19495000,-0.2955265
338839301762000,19581000,-0.22126389
338839321476000,19714000,-0.80091095
338839340705000,19229000,-1.6285353
338839360196000,19491000,-1.9748869
338839379768000,19572000,-1.2469196
338839399370000,19602000,-0.69048977
338839420011000,20641000,-0.70969296
338839438225000,18214000,-0.9591608
338839457729000,19504000,-1.1119537
338839477283000,19554000,-1.5123844
338839496801000,19518000,-1.0882816
338839516413000,19612000,0.21801662
338839536034000,19621000,1.1813488
338839555563000,19529000,1.4943495
338839575709000,20146000,1.7144699
338839595007000,19298000,1.4564705
338839616398000,21391000,0.45492554
338839635987000,19589000,0.121479034
338839655464000,19477000,0.4421444
338839675372000,19908000,1.1727304
338839694248000,18876000,1.5391674
338839713761000,19513000,0.9731302
338839733270000,19509000,-0.9842415
338839752728000,19458000,-2.152565
338839772230000,19502000,-2.0373707
338839791778000,19548000,-1.4994202
338839811246000,19468000,-1.6291437
338839830816000,19570000,-1.433425
338839850264000,19448000,-1.2228146
338839869765000,19501000,-0.8600826
338839889309000,19544000,-0.9559822
338839908763000,19454000,-1.4333344
338839928265000,19502000,-2.1399899
338839947847000,19582000,-2.5976987
338839967380000,19533000,-2.1567254
338839987168000,19788000,-1.4865818
338840007118000,19950000,-0.96641064
338840026975000,19857000,-0.8646841
338840045465000,18490000,-0.76459885
338840064992000,19527000,-0.13192368
338840084524000,19532000,0.7308092
338840103997000,19473000,1.1950502
338840123499000,19502000,1.2406111
338840143127000,19628000,1.1534948
338840162627000,19500000,0.85254955
338840182484000,19857000,0.77398777
338840201629000,19145000,0.5630884
338840220838000,19209000,1.0611687
338840240331000,19493000,1.9195871
338840259898000,19567000,1.5308447
338840279390000,19492000,0.52696514
338840298859000,19469000,-0.47635365
338840318376000,19517000,-1.2070885
338840337904000,19528000,-1.9703827
338840357359000,19455000,-2.061737
338840376862000,19503000,-1.8094149
338840396390000,19528000,-1.0066395
338840416294000,19904000,-0.36020565
338840435383000,19089000,-0.49835968
338840454885000,19502000,-1.666584
338840474396000,19511000,-2.295648
338840497049000,22653000,-2.0449371
338840516032000,18983000,-1.2605591
338840535551000,19519000,-1.6052275
338840555120000,19569000,-2.2935948
338840574683000,19563000,-2.0628557
338840594838000,20155000,-1.4290552
338840613888000,19050000,-0.4284668
338840633237000,19349000,-0.17152596
338840653814000,20577000,0.77570724
338840672105000,18291000,2.0086508
338840691563000,19458000,2.8571444
338840711080000,19517000,3.0139847
338840730662000,19582000,2.500781
338840750362000,19700000,1.0593328
338840769768000,19406000,0.2652235
338840789065000,19297000,0.6852274
338840808555000,19490000,0.50422
338840828063000,19508000,0.16596222
338840852014000,23951000,-0.3650198
338840871786000,19772000,-1.2686319
338840891266000,19480000,-2.5290313
338840910753000,19487000,-2.566215
338840930329000,19576000,-1.2162352
338840951479000,21150000,-0.5551119
338840969274000,17795000,-0.81048965
338840989370000,20096000,-1.1571417
338841008487000,19117000,-2.2664485
338841027800000,19313000,-2.593267
338841047238000,19438000,-1.9104147
338841066734000,19496000,-1.9160986
338841086258000,19524000,-1.8981504
338841105811000,19553000,-1.9538479
338841125248000,19437000,-1.8187275
338841144823000,19575000,-1.2065487
338841164328000,19505000,0.05647564
338841184858000,20530000,0.3248644
338841204214000,19356000,0.38310146
338841222997000,18783000,0.32733917
338841242528000,19531000,0.5417366
338841262016000,19488000,1.1034431
338841282117000,20101000,1.0328312
338841301314000,19197000,0.8789129
338841320608000,19294000,-0.08008003
338841339964000,19356000,-0.2944708
338841359504000,19540000,1.1162138
338841381728000,22224000,1.9480219
338841400866000,19138000,1.7055855
338841420927000,20061000,0.4127283
338841442334000,21407000,-1.5801916
338841459201000,16867000,-2.9944677
338841482226000,23025000,-1.9928265
338841500686000,18460000,-0.32303524
338841520184000,19498000,0.36699486
338841539677000,19493000,-0.057243347
338841559141000,19464000,-1.1889515
338841578662000,19521000,-2.1449337
338841598184000,19522000,-2.5612788
338841617657000,19473000,-2.3248572
338841637129000,19472000,-1.5950346
338841656639000,19510000,-1.134511
338841676136000,19497000,-1.3235083
338841695814000,19678000,-1.4166546
338841715310000,19496000,-0.9560232
338841735347000,20037000,-0.035134315
338841754435000,19088000,0.46737957
338841774232000,19797000,1.1285648
338841794119000,19887000,1.4050236
338841813250000,19131000,1.3346806
338841832338000,19088000,0.9747181
338841851841000,19503000,0.47753906
338841871105000,19264000,-0.0032987595
338841890656000,19551000,-0.6082144
338841910149000,19493000,-0.18804169
338841929827000,19678000,0.30715466
338841949154000,19327000,1.18645
338841968623000,19469000,1.8193874
338841988159000,19536000,0.49340725
338842010564000,22405000,-1.5333405
338842029587000,19023000,-2.2742524
338842049175000,19588000,-1.8499813
338842068558000,19383000,-0.7788162
338842088120000,19562000,-0.0133161545
338842109081000,20961000,-0.08606911
338842127104000,18023000,-1.132227
338842146578000,19474000,-2.159336
338842166817000,20239000,-2.7110128
338842185589000,18772000,-2.404715
338842205224000,19635000,-1.4680033
338842224870000,19646000,-0.8546362
338842244565000,19695000,-1.2516775
338842263748000,19183000,-1.8360891
338842283253000,19505000,-2.460381
338842302762000,19509000,-2.020585
338842322570000,19808000,-0.8983202
338842341796000,19226000,0.1657877
338842361412000,19616000,0.7374973
338842380929000,19517000,0.34228992
338842400735000,19806000,0.123682976
338842419899000,19164000,0.55833244
338842439405000,19506000,0.8549423
338842458891000,19486000,0.77860355
338842478527000,19636000,-0.045858383
338842498795000,20268000,-0.3345499
338842517360000,18565000,1.3321266
338842539271000,21911000,2.377859
338842558772000,19501000,2.2310934
338842580969000,22197000,0.6931305
338842602370000,21401000,-1.2315884
338842621867000,19497000,-1.7916555
338842641517000,19650000,-0.637064
338842661144000,19627000,0.081391335
338842680377000,19233000,-0.04467964
338842699859000,19482000,-0.90442467
338842719402000,19543000,-1.1957016
338842738892000,19490000,-0.9125891
338842758359000,19467000,-0.43435
338842777866000,19507000,-0.2008152
338842797400000,19534000,-0.48481178
338842818731000,21331000,-1.253087
338842837042000,18311000,-2.02559
338842856117000,19075000,-1.2683353
338842875569000,19452000,-1.1201773
338842895066000,19497000,-0.7191639
338842914564000,19498000,-1.1011896
338842934068000,19504000,-1.2144041
338842953776000,19708000,-1.4799576
338842973217000,19441000,-1.0940065
338842993244000,20027000,-0.19008732
338843012338000,19094000,0.27166653
338843031840000,19502000,0.024619102
338843051078000,19238000,0.18083
338843071159000,20081000,0.124144554
338843090069000,18910000,0.6564779
338843114268000,24199000,1.342102
338843134417000,20149000,1.3102942
338843157298000,22881000,0.6332598
338843175195000,17897000,0.60257816
338843194782000,19587000,0.87229824
338843214308000,19526000,2.0166712
338843233735000,19427000,1.7998714
338843253222000,19487000,-0.32960033
338843272731000,19509000,-2.339932
338843292253000,19522000,-3.1492229
338843311964000,19711000,-2.335713
338843331518000,19554000,-0.8310995
338843350827000,19309000,0.008340836
338843370533000,19706000,-0.10623646
338843390005000,19472000,-0.39282036
338843410329000,20324000,-0.62827396
338843429499000,19170000,-0.7344456
338843448466000,18967000,-0.61264324
338843467942000,19476000,-0.31626606
338843487439000,19497000,-0.64808655
338843506948000,19509000,-1.0924664
338843526450000,19502000,-1.5369587
338843546008000,19558000,-1.9246655
338843565582000,19574000,-2.1768808
338843585688000,20106000,-2.0454311
338843604903000,19215000,-1.8352413
338843623957000,19054000,-1.2018404
338843643497000,19540000,-0.4710636
338843662998000,19501000,-0.14232063
338843682475000,19477000,-0.19871902
338843704428000,21953000,-0.31311607
338843723939000,19511000,0.22529507
338843743462000,19523000,1.3020821
338843768832000,25370000,2.2101908
338843787175000,18343000,2.599454
338843806657000,19482000,0.5773792
338843826174000,19517000,-1.2116652
338843845675000,19501000,-0.8814602
338843865171000,19496000,0.7417631
338843884748000,19577000,1.5790205
338843904240000,19492000,0.79063034
338843923723000,19483000,-0.55102444
338843943222000,19499000,-1.5291948
338843962664000,19442000,-1.493864
338843982184000,19520000,-0.48243523
338844001708000,19524000,0.24236965
338844021211000,19503000,-0.10236168
338844040710000,19499000,-0.7536125
338844060193000,19483000,-0.4103613
338844079696000,19503000,-0.16278172
338844099198000,19502000,-0.33487225
338844118728000,19530000,-1.0604286
338844138225000,19497000,-1.8052378
338844157744000,19519000,-1.9958553
338844178363000,20619000,-2.0718012
338844197485000,19122000,-1.9763546
338844217371000,19886000,-0.9235134
338844235967000,18596000,-0.69347477
338844255431000,19464000,-0.9609451
338844274946000,19515000,-1.8405342
338844299207000,24261000,-2.1457052
338844319097000,19890000,-1.4745932
338844338136000,19039000,-0.47673225
338844357645000,19509000,-1.0287523
338844377188000,19543000,-1.4296198
338844396641000,19453000,-1.0851307
338844416225000,19584000,-0.25954342
338844435722000,19497000,0.16759396
338844455220000,19498000,0.5383892
338844474946000,19726000,0.6576271
338844494517000,19571000,1.1569176
338844514618000,20101000,1.4081364
338844533906000,19288000,1.4502039
338844552869000,18963000,0.8428297
338844572369000,19500000,0.048283577
338844591868000,19499000,-0.5871582
338844611362000,19494000,-0.8601093
338844630691000,19329000,-0.61956215
338844650191000,19500000,0.57415295
338844669705000,19514000,1.8613911
338844689626000,19921000,1.7124949
338844708785000,19159000,0.25859833
338844728382000,19597000,-1.3128233
338844747881000,19499000,-1.2618628
338844767695000,19814000,-0.5223894
338844786964000,19269000,-0.60262394
338844806437000,19473000,-0.87143135
338844825846000,19409000,-0.73715496
338844845244000,19398000,-0.66311836
338844864736000,19492000,-1.1659851
338844884249000,19513000,-1.3231697
338844903750000,19501000,-1.2677631
338844923427000,19677000,-0.2522955
338844943384000,19957000,0.5730667
338844962746000,19362000,0.17177486
338844982425000,19679000,-0.7896843
338845001701000,19276000,-1.3564024
338845021041000,19340000,-1.5392246
338845041058000,20017000,-1.6810408
338845060028000,18970000,-1.6669645
338845079458000,19430000,-1.7655659
338845098983000,19525000,-2.2270942
338845118498000,19515000,-1.9994011
338845138012000,19514000,-2.6522398
338845157555000,19543000,-2.63581
338845177094000,19539000,-1.6832638
338845197238000,20144000,0.17192554
338845216473000,19235000,0.5595846
338845235505000,19032000,0.5470972
338845255024000,19519000,0.53321075
338845274534000,19510000,0.8032131
338845294052000,19518000,2.2972336
338845313530000,19478000,3.3153782
338845333680000,20150000,2.1582365
338845357484000,23804000,1.0148773
338845376751000,19267000,1.0826044
338845396287000,19536000,1.6404772
338845415801000,19514000,1.6449909
338845435273000,19472000,0.6600857
338845454770000,19497000,-0.8171911
338845474291000,19521000,-1.3175373
338845493818000,19527000,-1.2448864
338845513353000,19535000,-1.0961761
338845534655000,21302000,-0.9278183
338845552328000,17673000,-0.69946957
338845571823000,19495000,-0.5853863
338845591331000,19508000,-0.37557316
338845610831000,19500000,-0.7402239
338845630510000,19679000,-1.622015
338845650015000,19505000,-2.044033
338845669554000,19539000,-1.9875526
338845689333000,19779000,-1.3551521
338845709893000,20560000,-1.4865446
338845728374000,18481000,-1.8871183
338845747533000,19159000,-1.9658527
338845767060000,19527000,-1.2816172
338845786569000,19509000,-0.40536976
338845806068000,19499000,0.16542816
338845825577000,19509000,0.066197395
338845847528000,21951000,-0.69978714
338845867045000,19517000,0.028453827
338845888812000,21767000,1.5792208
338845908292000,19480000,1.2966413
338845927808000,19516000,0.7323437
338845947311000,19503000,0.09108734
338845966866000,19555000,-0.116924286
338845986316000,19450000,0.9320545
338846005846000,19530000,1.8082008
338846025352000,19506000,1.5934248
338846044854000,19502000,1.2388172
338846064344000,19490000,0.96150875
338846083847000,19503000,0.34595013
338846103344000,19497000,-0.53203297
338846122864000,19520000,-1.7716284
338846142362000,19498000,-2.513843
338846162074000,19712000,-2.550406
338846181707000,19633000,-2.0909967
338846201211000,19504000,-2.5499072
338846221342000,20131000,-2.6839066
338846240837000,19495000,-2.3028502
338846259558000,18721000,-1.6351652
338846279077000,19519000,-1.5226231
338846298584000,19507000,-1.4871349
338846318062000,19478000,-1.0503464
338846337706000,19644000,-0.55438614
338846360622000,22916000,-0.84045887
338846379188000,18566000,-0.8575735
338846400805000,21617000,-0.9129162
338846420307000,19502000,-0.6819782
338846439824000,19517000,-0.0107584
338846459323000,19499000,0.14443493
338846478827000,19504000,0.031469345
338846498398000,19571000,0.7030449
338846518018000,19620000,1.4517584
338846539961000,21943000,1.5519676
338846559472000,19511000,1.0788908
338846578971000,19499000,0.43495083
338846598539000,19568000,-0.68865395
338846617820000,19281000,-0.74546814
338846637540000,19720000,0.73893166
338846657035000,19495000,1.9564323
338846676355000,19320000,1.6466684
338846695845000,19490000,-0.36249828
338846715339000,19494000,-1.7400703
338846734833000,19494000,-1.493412
338846754399000,19566000,-0.76916885
338846773908000,19509000,-0.69471455
338846793634000,19726000,-0.78958035
338846812863000,19229000,-1.2664127
338846832388000,19525000,-1.64744
338846852023000,19635000,-2.0475388
338846871553000,19530000,-2.180325
338846890965000,19412000,-1.5473623
338846912871000,21906000,-1.4099674
338846932407000,19536000,-2.285977
338846951912000,19505000,-2.5875154
338846971411000,19499000,-2.5070348
338846991012000,19601000,-1.9871769
338847010563000,19551000,-0.9516344
338847030163000,19600000,0.39013386
338847049663000,19500000,1.584507
338847069659000,19996000,2.0159912
338847089227000,19568000,1.71947
338847108062000,18835000,1.611042
338847127566000,19504000,2.0936556
338847147064000,19498000,2.078021
338847166399000,19335000,1.5408487
338847185911000,19512000,0.6313219
338847205453000,19542000,0.4621725
338847224900000,19447000,0.3874874
338847244411000,19511000,-0.05858326
338847263910000,19499000,-0.87997055
338847284207000,20297000,-1.6015606
338847302919000,18712000,-1.9409504
338847322419000,19500000,-2.1869683
338847342040000,19621000,-2.2830892
338847362808000,20768000,-1.7898874
338847381160000,18352000,-1.5815668
338847400900000,19740000,-1.5436144
338847420008000,19108000,-1.6582928
338847439525000,19517000,-2.1760488
338847459025000,19500000,-1.9875002
338847478546000,19521000,-1.5507374
338847498151000,19605000,-0.95928097
338847517546000,19395000,-0.49808025
338847537299000,19753000,-0.49194527
338847556831000,19532000,-1.1535358
338847576886000,20055000,-1.3020935
338847595799000,18913000,-0.6114578
338847615261000,19462000,0.71030235
338847634713000,19452000,2.0140924
338847654264000,19551000,2.2468996
338847673740000,19476000,1.4252319
338847693612000,19872000,0.4485607
338847712853000,19241000,-0.2230959
338847732361000,19508000,0.07769871
338847751611000,19250000,1.4857416
338847771142000,19531000,2.3387632
338847790644000,19502000,1.8538017
338847810134000,19490000,-0.44569206
338847829632000,19498000,-2.0919485
338847849130000,19498000,-2.225556
338847868764000,19634000,-1.8429155
338847888207000,19443000,-1.0592299
338847907765000,19558000,-0.8110113
338847927188000,19423000,-1.3487883
338847946680000,19492000,-1.8491325
338847966197000,19517000,-2.120098
338847985706000,19509000,-1.6816235
338848005205000,19499000,-1.4321804
338848024712000,19507000,-1.4868069
338848044227000,19515000,-1.5985136
338848064018000,19791000,-1.634346
338848084056000,20038000,-1.461793
338848103006000,18950000,-0.73764324
338848122425000,19419000,1.4190674
338848141954000,19529000,3.2148085
338848161467000,19513000,2.528305
338848180973000,19506000,0.75385284
338848200518000,19545000,0.33646774
338848220078000,19560000,0.6821804
338848239367000,19289000,0.951108
338848258794000,19427000,1.2390718
338848278448000,19654000,1.3154345
338848297893000,19445000,0.83445644
338848317343000,19450000,0.21780872
338848336870000,19527000,-0.4365692
338848356326000,19456000,-0.9736719
338848375835000,19509000,-1.4706345
338848395339000,19504000,-1.5651464
338848414999000,19660000,-2.176992
338848434381000,19382000,-3.0010672
338848453891000,19510000,-2.6591501
338848473405000,19514000,-2.2031245
338848492930000,19525000,-1.3062134
338848512388000,19458000,-1.286294
338848532026000,19638000,-2.0687523
338848551395000,19369000,-2.0674152
338848571060000,19665000,-1.5894775
338848591690000,20630000,-1.1102505
338848610279000,18589000,-0.87847805
338848629563000,19284000,-0.30051804
338848649089000,19526000,-0.8510418
338848668592000,19503000,-1.1730862
338848688105000,19513000,-0.61800194
338848707659000,19554000,0.1842947
338848727235000,19576000,1.21807
338848747339000,20104000,1.4905701
338848766543000,19204000,1.2274551
338848785668000,19125000,0.27522373
338848805134000,19466000,-0.33509636
338848824667000,19533000,0.73165894
338848844165000,19498000,2.1957521
338848863427000,19262000,2.9892511
338848883164000,19737000,0.9516392
338848902441000,19277000,-1.6560001
338848922014000,19573000,-2.213861
338848941458000,19444000,0.0644083
338848960998000,19540000,1.4267244
338848980518000,19520000,0.049560547
338849000014000,19496000,-1.5814209
338849019542000,19528000,-2.4476047
338849038978000,19436000,-2.1429367
338849058513000,19535000,-2.390327
338849078024000,19511000,-2.3494534
338849097501000,19477000,-1.6595287
338849117176000,19675000,-1.1807146
338849136525000,19349000,-1.0832405
338849156076000,19551000,-1.078661
338849175532000,19456000,-1.3398733
338849195036000,19504000,-1.2580824
338849214554000,19518000,-0.8521099
338849234074000,19520000,-0.06201935
338849253615000,19541000,0.13961315
338849273829000,20214000,-0.25562382
338849292751000,18922000,0.14916325
338849312253000,19502000,0.53042316
338849331791000,19538000,1.137805
338849351311000,19520000,1.6865463
338849370814000,19503000,1.8513784
338849390501000,19687000,1.8804636
338849409844000,19343000,0.49287796
338849429631000,19787000,-0.85454655
338849449044000,19413000,-0.74277496
338849468325000,19281000,-0.57105446
338849487655000,19330000,-1.1060896
338849507198000,19543000,-1.8706818
338849529141000,21943000,-2.2530637
338849548604000,19463000,-2.2328877
338849568114000,19510000,-2.403832
338849587671000,19557000,-1.599226
338849607187000,19516000,-1.2346706
338849626635000,19448000,-1.5780964
338849646135000,19500000,-1.9223156
338849665660000,19525000,-1.2530508
338849685157000,19497000,-0.12371063
338849705106000,19949000,0.20409966
338849724331000,19225000,-0.46330643
338849743913000,19582000,-0.5381546
338849763356000,19443000,-0.4223013
338849783103000,19747000,-0.32487202
338849803425000,20322000,0.2900238
338849821966000,18541000,0.5017319
338849842029000,20063000,0.33039665
338849861401000,19372000,-0.47485638
338849880622000,19221000,-0.09828091
338849899886000,19264000,1.4620953
338849919397000,19511000,2.4496317
338849938874000,19477000,1.5838404
338849958398000,19524000,-0.21711731
338849977938000,19540000,-1.2696838
338849997482000,19544000,-1.3067093
338850016823000,19341000,-1.1904888
338850036261000,19438000,-0.97974014
338850060659000,24398000,-1.4209852
338850080139000,19480000,-2.2443671
338850099638000,19499000,-2.3974385
338850119178000,19540000,-1.3821964
338850138714000,19536000,-0.55676365
338850158216000,19502000,-0.68789864
338850177946000,19730000,-0.5907202
338850197166000,19220000,-0.20760727
338850216663000,19497000,-0.20529938
338850236173000,19510000,-0.35394764
338850255673000,19500000,0.05291462
338850275167000,19494000,0.4961996
338850294744000,19577000,0.7655554
338850314245000,19501000,0.86260605
338850334019000,19774000,0.4624071
338850354146000,20127000,0.06371498
338850373529000,19383000,0.03028965
338850392419000,18890000,0.053961754
338850411868000,19449000,0.03721142
338850431390000,19522000,0.11239147
338850450900000,19510000,0.26181698
338850470392000,19492000,-0.16288185
338850490023000,19631000,-0.5471487
338850509498000,19475000,-1.2731009
338850529708000,20210000,-2.2443929
338850548989000,19281000,-2.4332108
338850568851000,19862000,-1.631382
338850587391000,18540000,0.10629368
338850607028000,19637000,0.35329437
338850626279000,19251000,-0.46798992
338850645741000,19462000,-1.1549854
338850665269000,19528000,-0.927454
338850684790000,19521000,-0.7408323
338850704272000,19482000,-1.6207085
338850723763000,19491000,-2.326652
338850743274000,19511000,-1.999856
338850762777000,19503000,-1.1005535
338850782468000,19691000,0.04627037
338850801995000,19527000,0.44753742
338850821587000,19592000,-0.43065357
338850841111000,19524000,-0.0822649
338850860561000,19450000,0.7444668
338850880482000,19921000,1.1303415
338850900012000,19530000,0.043293
338850919275000,19263000,-1.2538013
338850938527000,19252000,-0.42878342
338850958012000,19485000,1.2734823
338850977520000,19508000,1.6709108
338850997084000,19564000,0.61043835
338851016627000,19543000,-0.84942245
338851036081000,19454000,-0.88861275
338851055806000,19725000,-0.3493166
338851074834000,19028000,-0.2300415
338851094781000,19947000,-1.0908108
338851113895000,19114000,-1.746213
338851135336000,21441000,-1.6163111
338851153893000,18557000,-1.5751133
338851172378000,18485000,-2.2173648
338851191896000,19518000,-2.7455816
338851211386000,19490000,-2.1712193
338851230873000,19487000,-1.1423092
338851251056000,20183000,-0.6117859
338851269885000,18829000,-0.5381193
338851289391000,19506000,-0.8424969
338851308957000,19566000,-0.91329956
338851328435000,19478000,-0.18045712
338851348319000,19884000,0.5312357
338851367719000,19400000,0.7867489
338851387910000,20191000,0.60431004
338851406694000,18784000,1.0343094
338851426095000,19401000,1.4271488
338851445628000,19533000,0.9811392
338851465126000,19498000,0.47232056
338851484634000,19508000,0.049096107
338851504536000,19902000,-0.33636284
338851523452000,18916000,-0.45169163
338851543019000,19567000,-0.11176014
338851562468000,19449000,-0.14030266
338851581983000,19515000,0.21450806
338851601453000,19470000,-0.27212906
338851620962000,19509000,-0.06936073
338851640450000,19488000,-0.24774837
338851659945000,19495000,-0.88329697
338851679480000,19535000,-1.4021349
338851698989000,19509000,-1.6903276
338851718972000,19983000,-1.6725578
338851737995000,19023000,-1.2136021
338851757541000,19546000,-1.1167345
338851777044000,19503000,-1.3616304
338851796546000,19502000,-1.793683
338851816172000,19626000,-2.0514565
338851835640000,19468000,-1.776166
338851855313000,19673000,-1.2564182
338851874823000,19510000,-0.6839409
338851894934000,20111000,0.23178768
338851913859000,18925000,0.6323557
338851933150000,19291000,0.53821373
338851952673000,19523000,0.40507698
338851972174000,19501000,0.83985806
338851991696000,19522000,0.7927027
338852011679000,19983000,-0.18895149
338852030877000,19198000,-0.4772091
338852050265000,19388000,0.246274
338852070138000,19873000,0.7571211
338852089156000,19018000,0.04315567
338852108648000,19492000,-1.5689316
338852128519000,19871000,-1.821537
338852147979000,19460000,-1.363718
338852168691000,20712000,-1.151329
338852186737000,18046000,-0.9579754
338852206378000,19641000,-0.7091484
338852228727000,22349000,-0.7310591
338852248395000,19668000,-1.1920834
338852266970000,18575000,-1.3257847
338852286439000,19469000,-0.86464024
338852306083000,19644000,-0.46039295
338852325453000,19370000,-0.86124897
338852344956000,19503000,-1.1853151
338852364524000,19568000,-1.1072578
338852384030000,19506000,-0.5503006
338852406466000,22436000,-0.23848343
338852425823000,19357000,0.49675083
338852445102000,19279000,0.3552904
338852464407000,19305000,-0.4374962
338852483900000,19493000,-0.9492407
338852503476000,19576000,-0.20064354
338852522958000,19482000,0.49515438
338852542521000,19563000,0.50842667
338852562969000,20448000,0.71174526
338852582207000,19238000,0.53630733
338852601698000,19491000,1.1327114
338852620695000,18997000,1.8025246
338852640117000,19422000,0.62260246
338852660769000,20652000,-0.83924294
338852679124000,18355000,-1.1531839
338852698690000,19566000,-0.8384304
338852718050000,19360000,-0.33282757
338852737492000,19442000,-0.7253008
338852756944000,19452000,-1.1312056
338852778890000,21946000,-1.7063112
338852798405000,19515000,-1.9167013
338852817984000,19579000,-1.7261438
338852837387000,19403000,-1.3050394
338852856937000,19550000,-1.3039703
338852876438000,19501000,-1.2635374
338852895909000,19471000,-0.9739847
338852915395000,19486000,-0.58843136
338852934971000,19576000,-0.43191147
338852954472000,19501000,-0.9466381
338852973984000,19512000,-0.73590755
338852994315000,20331000,-0.69906235
338853013500000,19185000,0.023907661
338853032578000,19078000,0.28345394
338853052113000,19535000,0.8127661
338853071609000,19496000,1.1747932
338853091114000,19505000,0.29614925
338853110629000,19515000,-0.23859024
338853130323000,19694000,1.2353439
338853149801000,19478000,3.0204592
338853169727000,19926000,2.453887
338853188881000,19154000,0.3137951
338853208171000,19290000,-1.9826088
338853227591000,19420000,-2.5586448
338853248081000,20490000,-1.8357334
338853266431000,18350000,-0.2690649
338853285921000,19490000,-0.40223312
338853308472000,22551000,-0.93687534
338853327441000,18969000,-1.0525465
338853346902000,19461000,-1.55025
338853366365000,19463000,-1.5492754
338853385872000,19507000,-1.05023
338853405425000,19553000,-0.8382139
338853424881000,19456000,-1.160902
338853444449000,19568000,-1.5798464
338853463938000,19489000,-1.8662033
338853483456000,19518000,-1.8477793
338853503418000,19962000,-1.1005144
338853524270000,20852000,-0.7513342
338853542521000,18251000,-1.0912714
338853561661000,19140000,-1.5633745
338853581204000,19543000,-0.8501091
338853601217000,20013000,0.64719677
338853620201000,18984000,1.6889267
338853639603000,19402000,1.6230602
338853659102000,19499000,0.94501495
338853678598000,19496000,-0.25218678
338853698086000,19488000,-1.0713558
338853717422000,19336000,-0.21605968
338853736930000,19508000,1.4009132
338853756533000,19603000,2.3283396
338853775950000,19417000,1.6112347
338853795464000,19514000,-0.04349518
338853814930000,19466000,-0.96916866
338853836713000,21783000,-1.0693483
338853853978000,17265000,-0.84174633
338853873501000,19523000,-0.86063576
338853892997000,19496000,-1.6604738
338853912449000,19452000,-2.7247744
338853931963000,19514000,-2.9675398
338853951444000,19481000,-1.5318747
338853971005000,19561000,-0.53686905
338853990504000,19499000,-1.0518484
338854010766000,20262000,-1.5852518
338854029702000,18936000,-1.2592869
338854049152000,19450000,-0.7226982
338854068809000,19657000,-0.26072598
338854088313000,19504000,0.37362957
338854108194000,19881000,0.030575752
338854127370000,19176000,-0.13882542
338854146620000,19250000,0.5164318
338854166143000,19523000,1.4774656
338854185658000,19515000,2.609519
338854205100000,19442000,1.697011
338854224625000,19525000,-0.6260147
338854244188000,19563000,-1.8779116
338854263686000,19498000,-0.65697193
338854282957000,19271000,1.3785534
338854302451000,19494000,2.169073
338854322030000,19579000,0.9737835
338854341516000,19486000,-1.7077293
338854360979000,19463000,-2.87461
338854380932000,19953000,-2.493362
338854399986000,19054000,-1.2902918
338854419496000,19510000,-0.91197586
338854439149000,19653000,-1.0536308
338854460657000,21508000,-1.5379047
338854478006000,17349000,-2.0201101
338854497507000,19501000,-2.0406437
338854517218000,19711000,-1.0829992
338854536541000,19323000,-0.79494476
338854556033000,19492000,-0.75645065
338854575555000,19522000,-0.5843878
338854595162000,19607000,-0.45009613
338854615181000,20019000,-0.7540817
338854635515000,20334000,-0.32904053
338854653712000,18197000,0.71264267
338854673211000,19499000,1.4917974
338854692737000,19526000,1.9072981
338854712244000,19507000,1.1125593
338854731723000,19479000,0.17786598
338854751349000,19626000,0.0433321
338854770753000,19404000,-0.10802364
338854790061000,19308000,0.081656456
338854809602000,19541000,0.4403715
338854829132000,19530000,0.7940264
338854848595000,19463000,0.5142727
338854868102000,19507000,-0.67948246
338854888953000,20851000,-1.5236578
338854907103000,18150000,-1.94273
338854926623000,19520000,-1.8456726
338854946179000,19556000,-0.9124832
338854965649000,19470000,-0.36421776
338854985159000,19510000,-1.0017519
338855004805000,19646000,-1.1384401
338855024143000,19338000,-1.5020723
338855043634000,19491000,-1.7694225
338855063136000,19502000,-1.5795078
338855082914000,19778000,-1.5632343
338855102454000,19540000,-1.698761
338855122231000,19777000,-1.5246582
338855141606000,19375000,-1.1758299
338855160908000,19302000,-1.2493238
338855180441000,19533000,-0.80820084
338855199970000,19529000,0.32219028
338855219744000,19774000,1.2829361
338855240209000,20465000,1.6908531
338855258501000,18292000,1.4448519
338855278053000,19552000,0.54715633
338855297923000,19870000,-0.29503345
338855316981000,19058000,-0.8687973
338855337347000,20366000,-0.41283512
338855355637000,18290000,1.6661568
338855375202000,19565000,2.5966196
338855394635000,19433000,1.5733023
338855416570000,21935000,-1.1318846
338855438510000,21940000,-2.3977017
338855458113000,19603000,-2.282309
338855477506000,19393000,-1.2466316
338855497004000,19498000,-0.38332367
338855516495000,19491000,-0.42227745
338855536004000,19509000,-1.0778351
338855555507000,19503000,-1.5212107
338855575066000,19559000,-1.9805031
338855594599000,19533000,-1.9021139
338855614108000,19509000,-1.3251133
338855634395000,20287000,-1.1693783
338855653622000,19227000,-1.0928411
338855672696000,19074000,-1.3433533
338855692214000,19518000,-1.3057995
338855711995000,19781000,-0.44298172
338855731324000,19329000,0.9372034
338855750757000,19433000,1.6089001
338855770448000,19691000,0.95976543
338855789905000,19457000,0.040534973
338855809523000,19618000,0.42276478
338855829042000,19519000,0.25350857
338855848059000,19017000,0.41226387
338855867606000,19547000,0.74217415
338855887064000,19458000,0.64727116
338855906972000,19908000,0.25871468
338855926084000,19112000,0.38335228
338855948443000,22359000,-0.024461746
338855967542000,19099000,-0.78931046
338855987068000,19526000,-1.3048754
338856006502000,19434000,-1.5747538
338856026051000,19549000,-1.6353693
338856045541000,19490000,-1.6377897
338856065013000,19472000,-1.3136053
338856084507000,19494000,-1.0248966
338856104014000,19507000,-1.2709169
338856123511000,19497000,-1.5355644
338856143203000,19692000,-1.4570379
338856162717000,19514000,-1.1301765
338856182293000,19576000,-1.0888433
338856201779000,19486000,-0.50815296
338856221297000,19518000,-0.3263197
338856241352000,20055000,0.042082787
338856260305000,18953000,0.3853016
338856279698000,19393000,-0.0940876
338856299201000,19503000,0.19705772
338856318805000,19604000,1.2770357
338856338207000,19402000,1.8063335
338856357784000,19577000,0.9170637
338856377309000,19525000,-0.74026775
338856397386000,20077000,-1.3144131
338856416008000,18622000,0.37926483
338856435502000,1949400