339863550661000,19942000,46.375,2.3125,-43.5,63.62576743152101
339863570651000,19990000,44.875,1.8125,-43.5,62.52440148653964
339863590684000,20033000,44.1875,2.3125,-43.75,62.22495731215892
339863610905000,20221000,43.6875,1.8125,-44.0,62.031305100731196
339863631529000,20624000,44.1875,1.375,-44.6875,62.86014983676065
339863651730000,20201000,45.125,1.375,-44.6875,63.52266450842565
339863673104000,21374000,45.375,0.625,-44.25,63.382519277794565
339863693011000,19907000,44.875,0.875,-44.0,62.85325170585846
339863712590000,19579000,45.375,0.625,-43.25,62.68846584500214
339863733290000,20700000,45.125,0.375,-43.5,62.678993690071316
339863752788000,19498000,45.125,0.625,-43.5,62.6809879469046
339863772801000,20013000,45.625,0.125,-43.5,63.03892646611298
339863793934000,21133000,44.625,-0.125,-43.5,62.3189878768903
339863814185000,20251000,44.625,-0.125,-43.0,61.97101136821958
339863834721000,20536000,45.375,-0.625,-43.0,62.51624788804907
339863854261000,19540000,45.875,-0.625,-43.75,63.39533697362922
339863874275000,20014000,46.625,-0.375,-43.5,63.76739958630899
339863894366000,20091000,46.375,-0.125,-43.75,63.75514685105823
339863914683000,20317000,45.875,-0.375,-43.75,63.39336518911107
339863934450000,19767000,46.125,-0.625,-43.75,63.57647953449452
339863954537000,20087000,45.875,-0.625,-44.5,63.91522705897242
339863975329000,20792000,47.125,-1.125,-44.5,64.82500482067086
339863998009000,22680000,47.625,-0.875,-44.9375,65.48499947507062
339864015981000,17972000,47.625,-0.625,-44.5,65.18267599600372
339864035833000,19852000,48.125,-0.625,-44.25,65.37942145660207
339864056161000,20328000,47.875,-0.625,-44.25,65.19561910128624
339864076404000,20243000,47.875,-0.375,-43.75,64.8553679351216
339864096024000,19620000,47.625,-0.625,-43.75,64.6729754225055
339864116674000,20650000,47.375,-0.875,-43.75,64.49200531848889
339864136111000,19437000,46.875,-1.125,-43.75,64.1295076388397
339864158100000,21989000,46.375,-1.375,-44.0,63.94162376730826
339864176206000,18106000,46.125,-1.375,-44.0,63.76053834465327
339864196321000,20115000,45.625,-1.125,-43.75,63.221584526172705
339864216287000,19966000,45.625,-0.625,-43.5,63.04190074862908
339864236361000,20074000,46.125,-0.375,-43.25,63.23146961758836
339864256565000,20204000,46.625,-0.125,-43.25,63.59613785443264
339864276608000,20043000,47.375,-0.625,-43.25,64.15094504370143
339864296611000,20003000,47.875,-1.125,-43.25,64.52785251346894
339864318639000,22028000,47.875,-1.375,-43.5,64.70051197633602
339864337962000,19323000,48.125,-1.375,-43.75,65.05358368299167
339864358321000,20359000,48.3125,-1.125,-44.0,65.3556675526308
339864378712000,20391000,48.8125,-0.375,-44.0,65.71758350129743
339864399492000,20780000,48.8125,-0.375,-44.5,66.05339341207232
339864419256000,19764000,48.8125,-0.375,-44.25,65.88522809590933
339864439586000,20330000,48.8125,-0.375,-44.5,66.05339341207232
339864460616000,21030000,48.8125,-0.625,-44.5,66.05528579341701
339864480244000,19628000,49.0625,-0.125,-43.75,65.7358884571434
339864500005000,19761000,49.3125,0.125,-44.0,66.08886654535694
339864524035000,24030000,49.3125,0.625,-43.75,65.92553208924446
339864540714000,16679000,49.0625,0.625,-44.0,65.90538317353143
339864561687000,20973000,48.8125,0.125,-44.5,66.05244720106894
339864581143000,19456000,48.8125,0.125,-44.25,65.88427946976425
339864601094000,19951000,49.0625,-0.125,-44.25,66.06971341885782
339864621489000,20395000,48.8125,0.125,-44.5,66.05244720106894
339864641810000,20321000,48.8125,0.625,-44.25,65.88712530722523
339864665045000,23235000,48.5625,1.125,-44.0,65.54068988994547
339864681950000,16905000,47.375,1.375,-44.0,64.67055937596334
339864701905000,19955000,47.625,1.375,-43.25,64.347445559245
339864721981000,20076000,47.625,1.375,-43.0,64.17967941646327
339864742023000,20042000,47.625,1.625,-43.0,64.18552212142548
339864762088000,20065000,48.5625,1.8125,-42.75,64.72375191921432
339864782479000,20391000,48.5625,2.3125,-43.25,65.07093485189836
339864802297000,19818000,48.5625,2.5625,-43.0,64.91442684411533
339864822986000,20689000,48.125,2.5625,-43.5,64.92173774052878
339864844993000,22007000,47.625,2.5625,-43.0,64.21609635636536
339864863792000,18799000,47.375,2.0625,-43.25,64.18104884816078
339864883935000,20143000,47.375,2.0625,-43.5,64.34978268222822
339864903451000,19516000,47.375,2.3125,-43.25,64.18956910004927
339864923777000,20326000,47.625,2.5625,-44.0,64.88996094350804
339864944327000,20550000,48.125,2.8125,-43.5,64.93208591482335
339864963826000,19499000,48.3125,2.8125,-44.0,65.4064814257731
339864984277000,20451000,49.0625,2.0625,-44.0,65.93468595890937
339865004406000,20129000,49.0625,1.8125,-43.75,65.76075244779366
339865025043000,20637000,48.8125,2.0625,-43.75,65.58183103954936
339865044357000,19314000,49.0625,2.0625,-43.25,65.43657473080326
339865064518000,20161000,48.5625,2.5625,-43.25,65.0802989582869
339865085064000,20546000,48.5625,2.5625,-43.5,65.24670729239905
339865106179000,21115000,48.5625,2.5625,-43.5,65.24670729239905
339865125998000,19819000,48.8125,2.5625,-43.5,65.43299292023865
339865146755000,20757000,49.0625,2.5625,-43.0,65.28932004930056
339865167095000,20340000,48.8125,2.8125,-43.0,65.11198286413953
339865189141000,22046000,47.875,2.5625,-43.25,64.56891304064209
339865208940000,19799000,46.875,2.8125,-43.5,64.01113794684484
339865229496000,20556000,46.625,2.3125,-44.0,64.15012300261006
339865249077000,19581000,46.875,1.8125,-43.75,64.14525143180904
339865269091000,20014000,48.125,2.0625,-44.0,65.24009144115296
339865289314000,20223000,48.8125,1.375,-44.25,65.89850742808974
339865309334000,20020000,49.0625,1.625,-44.5,66.25722248366588
339865330137000,20803000,49.0625,2.0625,-44.6875,66.39544765079907
339865349982000,19845000,49.0625,1.625,-44.6875,66.38329750396557
339865370925000,20943000,48.3125,1.625,-44.25,65.5347295809634
339865390444000,19519000,48.125,1.125,-43.75,65.04877977333625
339865410448000,20004000,48.125,0.375,-43.5,64.87223019135384
339865430447000,19999000,47.625,0.625,-43.0,64.16799241054686
339865451589000,21142000,47.875,0.875,-43.0,64.35667214827069
339865470771000,19182000,47.875,1.375,-43.0,64.365411907328
339865490840000,20069000,47.625,1.625,-43.25,64.35327303253503
339865510835000,19995000,47.875,1.625,-43.5,64.70630765234561
339865531528000,20693000,48.125,1.8125,-44.25,65.40155411953144
339865551387000,19859000,48.5625,1.625,-44.25,65.71924779887549
339865571302000,19915000,48.8125,1.625,-44.5,66.07231478652764
339865591404000,20102000,49.0625,1.375,-44.0,65.91676214173448
339865612448000,21044000,49.0625,0.375,-43.5,65.5707216008029
339865632300000,19852000,49.0625,0.375,-43.25,65.40513765179307
339865651675000,19375000,48.5625,0.125,-42.5,64.53357290008047
339865671797000,20122000,47.375,0.625,-43.0,63.98266366759046
339865692181000,20384000,46.375,1.375,-43.0,63.257657639213924
339865712610000,20429000,45.875,1.375,-43.5,63.234929034513826
339865732516000,19906000,46.875,1.8125,-44.0,64.31602274122677
339865753016000,20500000,47.375,1.125,-44.0,64.6657270120734
339865772905000,19889000,48.125,1.125,-44.0,65.21718523518169
339865792710000,19805000,47.875,1.125,-43.5,64.69568184971854
339865812733000,20023000,47.125,0.625,-43.5,64.1358421633333
339865832935000,20202000,47.125,0.875,-43.75,64.30858224218599
339865854069000,21134000,46.625,0.625,-43.75,63.940157569402345
339865874999000,20930000,46.625,0.875,-44.5,64.4585622706557
339865898842000,23843000,47.125,1.375,-44.6875,64.95867075495003
339865916022000,17180000,47.375,1.625,-44.25,64.84669421026796
339865936223000,20201000,47.875,1.625,-44.25,65.2128725789625
339865955384000,19161000,47.875,1.125,-43.75,64.86404050011069
339865976207000,20823000,47.875,1.125,-43.5,64.69568184971854
339865995719000,19512000,47.625,0.875,-43.75,64.6758745592203
339866016576000,20857000,47.625,1.125,-43.5,64.51090024174209
339866036750000,20174000,48.125,1.625,-43.5,64.89149597597516
339866059041000,22291000,48.3125,1.625,-43.5,65.03067184990479
339866078442000,19401000,48.5625,1.625,-43.25,65.0501309087845
339866097847000,19405000,48.8125,1.375,-43.5,65.39725362161626
339866117249000,19402000,48.5625,1.125,-43.5,65.20607357639318
339866137316000,20067000,47.625,1.375,-43.5,64.5157442024813
339866157383000,20067000,47.125,1.375,-43.5,64.14753502668673
339866177474000,20091000,47.125,2.0625,-43.5,64.16595305339118
339866197630000,20156000,47.125,2.3125,-43.75,64.3441977279226
339866218343000,20713000,47.375,2.0625,-43.75,64.51904394246709
339866237575000,19232000,47.875,2.3125,-43.75,64.89549892904746
339866257593000,20018000,47.625,2.3125,-43.75,64.71128789670315
339866277812000,20219000,47.875,2.3125,-44.25,65.23362462143277
339866297950000,20138000,48.3125,2.0625,-44.0,65.37852523956165
339866318850000,20900000,48.5625,2.0625,-43.75,65.39596939032252
339866338589000,19739000,48.8125,2.0625,-43.5,65.41531978443582
339866358600000,20011000,48.8125,2.0625,-43.25,65.24934147177272
339866380687000,22087000,49.0625,2.5625,-43.5,65.61970216710831
339866399664000,18977000,49.0625,2.8125,-43.5,65.62994029023643
339866419446000,19782000,48.8125,2.8125,-43.25,65.27735298325139
339866439644000,20198000,49.0625,3.0625,-42.75,65.14652955069825
339866461243000,21599000,49.0625,3.0625,-42.5,64.98275011493435
339866480996000,19753000,49.5625,3.0625,-42.75,65.52391023511952
339866500958000,19962000,49.8125,3.3125,-42.75,65.7253399572798
339866522721000,21763000,49.8125,3.3125,-42.75,65.7253399572798
339866541809000,19088000,49.5625,3.5625,-43.0,65.712501188891
339866561468000,19659000,49.5625,3.5625,-43.0,65.712501188891
339866584162000,22694000,49.8125,3.3125,-43.5,66.21561607732725
339866602290000,18128000,49.5625,3.3125,-44.0,66.35822528142235
339866623287000,20997000,49.5625,3.3125,-43.75,66.19272288174886
339866642767000,19480000,49.3125,3.3125,-44.25,66.33820778782014
339866662580000,19813000,49.3125,3.0625,-44.25,66.32619439180873
339866683974000,21394000,49.3125,3.0625,-44.0,66.15966718855228
339866704823000,20849000,49.3125,3.0625,-44.0,66.15966718855228
339866722586000,17763000,48.5625,3.0625,-44.0,65.6025556857353
339866742359000,19773000,48.125,3.3125,-43.5,64.95566396589292
339866762418000,20059000,47.375,3.3125,-43.0,64.06530481664784
339866782477000,20059000,46.875,2.8125,-43.0,63.6724098903913
339866802461000,19984000,46.875,3.0625,-42.5,63.3474114013351
339866823259000,20798000,47.375,3.0625,-42.75,63.88530371885227
339866843360000,20101000,48.125,3.0625,-43.5,64.9433948238772
339866864040000,20680000,48.3125,3.3125,-43.75,65.26203193664752
339866883332000,19292000,49.0625,3.0625,-43.75,65.80706886421854
339866903670000,20338000,48.8125,3.0625,-43.75,65.62089272861198
339866925651000,21981000,48.8125,2.8125,-43.25,65.27735298325139
339866944554000,18903000,49.3125,2.5625,-43.25,65.64184307665347
339866963808000,19254000,48.8125,2.3125,-43.25,65.25772224419114
339866984077000,20269000,49.0625,2.0625,-43.25,65.43657473080326
339867005978000,21901000,49.3125,2.0625,-43.25,65.624226185914
339867025211000,19233000,49.0625,2.0625,-42.75,65.10718326344644
339867045009000,19798000,48.8125,2.0625,-43.0,65.0839001789229
339867065251000,20242000,48.5625,2.0625,-43.0,64.89661248863456
339867086688000,21437000,48.125,2.0625,-43.0,64.56988099144988
339867105885000,19197000,48.125,2.0625,-43.25,64.73663592781139
339867125800000,19915000,49.0625,1.8125,-43.5,65.59469538384944
339867145768000,19968000,49.3125,1.625,-43.5,65.7769965964546
339867168809000,23041000,49.8125,1.375,-43.75,66.3116753011866
339867188025000,19216000,49.8125,1.125,-44.25,66.63792674783633
339867212338000,24313000,49.3125,1.125,-44.0,66.09832283235332
339867226265000,13927000,48.3125,1.375,-43.75,65.19241352527148
339867246271000,20006000,47.875,1.625,-43.5,64.70630765234561
339867266309000,20038000,47.875,1.375,-42.75,64.19866626340458
339867286343000,20034000,48.125,1.125,-42.5,64.21472767208469
339867306454000,20111000,48.8125,1.125,-42.75,64.89598047067322
339867328367000,21913000,49.0625,1.375,-43.0,65.2535020611921
339867347955000,19588000,49.0625,1.125,-43.5,65.5792995635818
339867367438000,19483000,48.5625,1.625,-43.25,65.0501309087845
339867387519000,20081000,48.5625,1.625,-43.5,65.2166162204848
339867410413000,22894000,48.125,0.875,-43.25,64.70968822363464
339867429398000,18985000,48.125,1.375,-43.0,64.55157821463392
339867448940000,19542000,48.3125,1.125,-43.0,64.68665458384751
339867468325000,19385000,48.125,1.125,-42.75,64.38046093342297
339867489481000,21156000,49.0625,1.375,-42.75,65.08903157406783
339867508890000,19409000,49.0625,1.375,-42.5,64.92510709463636
339867528737000,19847000,49.5625,1.125,-43.0,65.62550595043058
339867548903000,20166000,49.8125,0.875,-43.25,65.97433805086641
339867570120000,21217000,49.3125,0.625,-43.25,65.59478471075273
339867589453000,19333000,49.5625,0.625,-43.5,65.94757032105126
339867609311000,19858000,48.8125,0.875,-43.25,65.22260559997584
339867629735000,20424000,48.8125,0.875,-43.0,65.05709631738877
339867650483000,20748000,48.5625,0.875,-43.25,65.03571735016075
339867670623000,20140000,47.875,0.625,-43.5,64.68891906656039
339867690703000,20080000,47.625,0.125,-43.25,64.33287456658532
339867710803000,20100000,47.375,0.375,-43.75,64.48715957460058
339867730803000,20000000,47.125,0.625,-43.75,64.30566654658048
339867750833000,20030000,47.375,1.125,-43.5,64.32655944475812
339867771017000,20184000,48.125,1.625,-44.0,65.22772608331522
339867791370000,20353000,48.8125,1.375,-43.5,65.39725362161626
339867812197000,20827000,49.5625,1.625,-43.5,65.96462712128373
339867832281000,20084000,50.0625,1.625,-43.5,66.34112247505314
339867852347000,20066000,50.3125,2.0625,-43.25,66.37894291490336
339867873574000,21227000,50.0625,2.3125,-43.75,66.5256646904035
339867892780000,19206000,49.8125,2.3125,-43.5,66.17312757078965
339867912786000,20006000,49.5625,2.0625,-43.75,66.14195198586144
339867932934000,20148000,49.0625,2.0625,-44.0,65.93468595890937
339867954330000,21396000,48.5625,2.0625,-43.5,65.22898368440214
339867973488000,19158000,48.5625,1.8125,-43.75,65.38856216877689
339867994442000,20954000,48.5625,2.3125,-43.75,65.40433137415289
339868014253000,19811000,48.5625,2.3125,-43.5,65.23736707210064
339868034391000,20138000,48.8125,2.0625,-43.25,65.24934147177272
339868054408000,20017000,48.8125,2.5625,-43.25,65.2670595515073
339868074071000,19663000,48.5625,2.5625,-43.25,65.0802989582869
339868094356000,20285000,48.8125,2.3125,-43.0,65.09230225226328
339868115376000,21020000,49.0625,2.8125,-43.75,65.79590840242271
339868134731000,19355000,49.0625,3.0625,-43.5,65.64112897033384
339868154504000,19773000,49.3125,3.3125,-43.25,65.67539731512859
339868175569000,21065000,49.0625,3.8125,-44.0,66.0126053303458
339868196159000,20590000,48.8125,3.5625,-43.75,65.64612755144053
339868215401000,19242000,48.8125,3.3125,-44.0,65.79994538371594
339868236010000,20609000,48.5625,3.3125,-44.5,65.95103534062221
339868255402000,19392000,47.875,2.8125,-44.25,65.25326261000288
339868275498000,20096000,47.125,3.5625,-44.25,64.74194568631684
339868295437000,19939000,47.125,4.0625,-44.0,64.60084775953021
339868315963000,20526000,47.625,4.0625,-43.25,64.46089536494199
339868335585000,19622000,48.125,4.5625,-42.75,64.53212015151834
339868355861000,20276000,49.0625,4.0625,-43.0,65.36537931122254
339868376758000,20897000,49.0625,3.8125,-43.25,65.51508652592928
339868396728000,19970000,48.5625,3.8125,-43.75,65.47452987612817
339868418648000,21920000,48.8125,3.3125,-44.5,66.13533709372018
339868437868000,19220000,48.5625,3.5625,-44.25,65.79567092522122
339868457457000,19589000,48.5625,3.3125,-44.0,65.61470157289448
339868477969000,20512000,49.0625,3.0625,-44.5,66.30805239561784
339868499158000,21189000,49.0625,3.5625,-43.75,65.83223232201685
339868518406000,19248000,49.3125,3.5625,-43.75,66.01875917116286
339868538316000,19910000,49.3125,3.5625,-43.75,66.01875917116286
339868561353000,23037000,49.0625,3.3125,-43.25,65.48789248784847
339868579574000,18221000,49.5625,3.3125,-43.75,66.19272288174886
339868599848000,20274000,49.5625,3.3125,-44.0,66.35822528142235
339868619286000,19438000,49.5625,3.8125,-44.0,66.38506279653579
339868639133000,19847000,49.5625,4.3125,-43.75,66.25029481066481
339868660558000,21425000,49.5625,4.3125,-44.0,66.41565374593553
339868679701000,19143000,48.8125,4.3125,-43.25,65.35916395196621
339868699881000,20180000,48.3125,4.0625,-43.75,65.30439543016993
339868721986000,22105000,48.125,4.3125,-43.5,65.01433135278714
339868740710000,18724000,47.625,3.8125,-42.75,64.11114007136358
339868761844000,21134000,47.875,3.5625,-43.25,64.61632557837068
339868782692000,20848000,48.125,3.0625,-43.25,64.77620729287877
339868803793000,21101000,48.5625,2.5625,-43.75,65.41364775411932
339868823156000,19363000,47.875,2.8125,-44.0,65.08399020688574
339868843135000,19979000,47.875,2.5625,-43.5,64.73663592781139
339868863232000,20097000,47.875,2.8125,-43.25,64.57931775150617
339868883232000,20000000,47.375,2.3125,-43.25,64.18956910004927
339868903266000,20034000,48.3125,2.5625,-43.5,65.0608489223742
339868924340000,21074000,48.5625,3.0625,-43.5,65.2682565455827
339868944841000,20501000,48.8125,2.5625,-43.25,65.2670595515073
339868963993000,19152000,49.3125,2.3125,-43.25,65.63255908845852
339868984142000,20149000,49.0625,2.0625,-43.0,65.2716080122131
339869004772000,20630000,49.0625,1.8125,-44.0,65.92733926452667
339869025312000,20540000,49.0625,1.8125,-43.75,65.76075244779366
339869044590000,19278000,49.0625,2.3125,-43.5,65.61041504593611
339869064599000,20009000,49.0625,1.8125,-43.25,65.42917210617907
339869085005000,20406000,49.0625,1.375,-42.5,64.92510709463636
339869106778000,21773000,49.5625,1.625,-42.75,65.4724715529359
339869127116000,20338000,49.3125,1.625,-42.5,65.1199914100885
339869148428000,21312000,49.3125,1.8125,-42.5,65.12494001916623
339869167630000,19202000,49.5625,2.0625,-42.25,65.15947983601465
339869187485000,19855000,49.3125,2.0625,-42.5,65.13237722131751
339869207657000,20172000,49.5625,1.8125,-42.75,65.47739352249752
339869230817000,23160000,49.8125,1.625,-43.5,66.15267025033835
339869248371000,17554000,49.5625,1.625,-43.75,66.12975526379937
339869269025000,20654000,49.8125,1.8125,-43.75,66.32218944290064
339869289340000,20315000,49.8125,2.0625,-44.0,66.49465439040947
339869309144000,19804000,49.5625,2.3125,-43.75,66.15021967083707
339869330128000,20984000,49.5625,2.8125,-44.0,66.3351457562279
339869348853000,18725000,49.0625,2.8125,-43.75,65.79590840242271
339869374620000,25767000,49.0625,3.0625,-44.0,65.97353872955429
339869392974000,18354000,49.0625,4.0625,-44.0,66.0275155711617
339869412895000,19921000,49.0625,4.0625,-44.0,66.0275155711617
339869432976000,20081000,49.0625,4.0625,-43.75,65.8611821371284
339869452984000,20008000,48.8125,4.3125,-43.5,65.52486407845498
339869473337000,20353000,49.0625,4.0625,-43.5,65.69537892804942
339869494549000,21212000,49.3125,3.8125,-43.25,65.70251374567034
339869514150000,19601000,49.5625,4.0625,-44.0,66.39988940126331
339869533986000,19836000,49.3125,4.3125,-44.0,66.22930101171234
339869553902000,19916000,49.3125,4.0625,-43.75,66.04762722838724
339869575344000,21442000,49.3125,4.5625,-44.5,66.57919391596747
339869594563000,19219000,49.3125,4.5625,-44.0,66.24604941051201
339869614410000,19847000,49.5625,4.3125,-43.5,66.08546786170163
339869634446000,20036000,49.5625,4.3125,-43.5,66.08546786170163
339869655606000,21160000,49.5625,3.8125,-42.75,65.56324475268136
339869674970000,19364000,49.3125,3.8125,-42.5,65.21125525934922
339869694987000,20017000,49.3125,3.8125,-42.75,65.3744622348819
339869715274000,20287000,49.3125,3.8125,-43.0,65.53821642751655
339869736316000,21042000,49.5625,4.3125,-43.0,65.75742591145125
339869755549000,19233000,49.5625,4.3125,-43.25,65.92117688952466
339869775729000,20180000,49.5625,4.0625,-43.5,66.06962473406368
339869796514000,20785000,49.3125,4.0625,-43.5,65.8822932395344
339869816801000,20287000,48.8125,3.8125,-44.0,65.82701050860506
339869836563000,19762000,48.8125,3.5625,-44.25,65.98040665606722
339869856742000,20179000,48.8125,3.8125,-44.5,66.16226501942025
339869878553000,21811000,48.5625,3.3125,-44.5,65.95103534062221
339869897653000,19100000,48.125,3.0625,-44.25,65.4481247344032
339869916745000,19092000,46.875,2.8125,-44.0,64.35196796718807
339869936757000,20012000,46.375,2.3125,-44.0,63.96865076934169
339869957028000,20271000,45.625,2.8125,-44.0,63.44722831810701
339869977058000,20030000,45.625,2.5625,-44.0,63.43663792517696
339869997846000,20788000,46.375,2.8125,-44.25,64.16083915637326
339870017505000,19659000,46.875,3.0625,-43.75,64.19273347700657
339870040360000,22855000,47.375,2.5625,-43.75,64.53696251955154
339870057984000,17624000,47.625,2.8125,-43.5,64.56237899311022
339870078640000,20656000,47.875,2.8125,-43.5,64.74701368596084
339870098602000,19962000,48.125,2.8125,-43.5,64.93208591482335
339870118615000,20013000,48.5625,2.8125,-43.25,65.09062192436019
339870138917000,20302000,48.8125,2.8125,-43.5,65.44326025267995
339870158486000,19569000,48.8125,2.5625,-43.25,65.2670595515073
339870178596000,20110000,48.5625,2.0625,-43.25,65.06253001920537
339870199085000,20489000,48.125,1.625,-43.25,64.72417438639137
339870219874000,20789000,48.125,1.8125,-42.75,64.39614337248777
339870239065000,19191000,48.3125,2.0625,-43.0,64.70974858937407
339870259065000,20000000,48.5625,2.0625,-43.0,64.89661248863456
339870279356000,20291000,49.0625,2.0625,-42.75,65.10718326344644
339870300226000,20870000,48.8125,1.375,-43.0,65.06574199415542
339870319621000,19395000,48.8125,0.625,-42.75,64.88923856272318
339870339642000,20021000,48.3125,0.375,-43.0,64.67795823346621
339870359973000,20331000,48.125,0.875,-43.5,64.87704717386573
339870381079000,21106000,48.3125,0.625,-43.5,65.01337001917375
339870399848000,18769000,47.875,0.625,-43.25,64.52107213926315
339870422092000,22244000,47.625,1.125,-42.75,64.00756791192741
339870442712000,20620000,47.625,0.375,-43.25,64.3338460687685
339870462118000,19406000,47.375,0.375,-43.5,64.31781440627472
339870482189000,20071000,47.875,0.375,-44.25,65.19370176635164
339870504277000,22088000,48.3125,-0.375,-44.9375,65.98194592083505
339870523674000,19397000,48.5625,-0.625,-44.25,65.70212729622992
339870543640000,19966000,48.8125,-0.625,-44.0,65.71948555223177
339870564829000,21189000,48.8125,-1.125,-43.75,65.55904423685568
339870586392000,21563000,48.8125,-1.125,-43.25,65.2264385142252
339870605091000,18699000,48.3125,-0.625,-43.25,64.84636289916344
339870624642000,19551000,48.3125,-0.875,-43.25,64.84925428445572
339870644926000,20284000,48.125,-0.125,-42.75,64.37075228704416
339870665275000,20349000,48.3125,0.125,-42.75,64.51105162102073
339870684670000,19395000,49.0625,0.375,-43.25,65.40513765179307
339870704632000,19962000,49.5625,0.875,-43.5,65.95041342743804
339870725225000,20593000,50.0625,0.625,-44.0,66.65316595068835
339870745810000,20585000,50.0625,0.625,-44.25,66.81846325118529
339870765222000,19412000,49.5625,0.875,-44.0,66.28127210042064
339870785055000,19833000,49.3125,0.875,-43.75,65.92837614601167
339870805257000,20202000,49.3125,0.875,-43.5,65.76274234891669
339870826869000,21612000,49.3125,1.375,-43.5,65.7712952681487
339870847104000,20235000,49.5625,1.125,-43.75,66.11935821867904
339870869179000,22075000,49.5625,1.8125,-43.75,66.13462831603425
339870888246000,19067000,49.5625,2.3125,-43.75,66.15021967083707
339870910956000,22710000,49.5625,2.5625,-43.25,65.82985882181428
339870927563000,16607000,49.5625,2.8125,-42.75,65.51270153565643
339870951859000,24296000,49.5625,2.3125,-42.75,65.49314133937996
339870970584000,18725000,49.0625,2.5625,-43.0,65.28932004930056
339870990639000,20055000,48.5625,2.3125,-43.25,65.07093485189836
339871010793000,20154000,48.5625,2.3125,-43.25,65.07093485189836
339871030839000,20046000,48.3125,2.8125,-43.5,65.07117497402363
339871051026000,20187000,48.5625,2.8125,-43.5,65.2570039344437
339871071139000,20113000,49.3125,3.3125,-43.5,65.84030158269326
339871091996000,20857000,49.3125,3.8125,-43.5,65.86735012508093
339871111493000,19497000,49.3125,3.3125,-43.5,65.84030158269326
339871131679000,20186000,49.3125,3.8125,-43.75,66.03272152879964
339871152360000,20681000,49.0625,4.0625,-44.0,66.0275155711617
339871175783000,23423000,49.0625,4.0625,-44.25,66.19437523309665
339871195023000,19240000,49.0625,4.5625,-44.0,66.06016433903264
339871214798000,19775000,49.5625,4.5625,-43.5,66.10225270367116
339871234814000,20016000,49.0625,4.3125,-43.5,65.71131228715494
339871254663000,19849000,49.3125,3.8125,-43.25,65.70251374567034
339871274640000,19977000,49.5625,3.8125,-43.5,66.05472399836366
339871295756000,21116000,48.8125,3.5625,-43.75,65.64612755144053
339871315317000,19561000,48.5625,3.3125,-43.75,65.44731898634198
339871335200000,19883000,48.3125,3.5625,-44.0,65.44302149580199
339871355246000,20046000,47.375,3.0625,-43.5,64.38959179285112
339871376403000,21157000,47.375,2.8125,-43.5,64.37818560079182
339871396196000,19793000,47.625,2.5625,-43.5,64.55197155199832
339871416057000,19861000,48.125,2.5625,-43.5,64.92173774052878
339871436530000,20473000,49.0625,2.3125,-43.5,65.61041504593611
339871456137000,19607000,49.0625,2.3125,-43.25,65.44493152643679
339871475990000,19853000,49.3125,2.5625,-43.0,65.47739352249752
339871495970000,19980000,48.3125,2.3125,-43.0,64.71819923715431
339871516064000,20094000,48.125,2.5625,-43.25,64.75449429383261
339871537372000,21308000,48.125,2.3125,-43.25,64.74508306620666
339871556687000,19315000,48.3125,2.0625,-43.75,65.21053643775674
339871576928000,20241000,48.3125,1.8125,-43.5,65.03562725537442
339871597696000,20768000,48.3125,2.0625,-43.75,65.21053643775674
339871617595000,19899000,49.0625,2.0625,-43.5,65.60207933061268
339871637596000,20001000,49.0625,1.8125,-43.0,65.26418667615494
339871657814000,20218000,49.5625,2.0625,-43.0,65.64826968397568
339871678585000,20771000,49.8125,1.625,-43.0,65.82496320735774
339871698724000,20139000,49.8125,1.125,-43.25,65.97812729420258
339871718450000,19726000,50.3125,0.875,-43.25,66.35266220167809
339871738750000,20300000,50.5625,0.625,-43.25,66.53960873983254
339871759305000,20555000,50.5625,0.375,-43.25,66.53773013298544
339871780324000,21019000,50.0625,0.875,-43.25,66.16329821925446
339871799568000,19244000,49.0625,1.375,-43.5,65.58406461366968
339871819712000,20144000,49.0625,0.875,-43.75,65.7415928560451
339871840236000,20524000,48.5625,0.625,-43.75,65.36642510685436
339871860197000,19961000,48.8125,0.375,-43.75,65.55046362345578
339871880112000,19915000,49.0625,0.125,-43.5,65.56976842455676
339871900346000,20234000,48.8125,0.375,-43.5,65.38387248588141
339871923643000,23297000,49.3125,1.125,-43.5,65.76654378367469
339871942391000,18748000,48.8125,1.125,-43.5,65.39247495889722
339871960699000,18308000,47.875,1.125,-43.5,64.69568184971854
339871980671000,19972000,47.875,1.125,-43.25,64.52785251346894
339872000886000,20215000,47.375,1.125,-43.25,64.15776453399853
339872020784000,19898000,47.375,1.125,-43.5,64.32655944475812
339872040811000,20027000,48.125,0.875,-43.5,64.87704717386573
339872061759000,20948000,48.125,1.125,-43.25,64.71355151743721
339872082558000,20799000,48.5625,0.875,-43.0,64.86973124077207
339872102055000,19497000,48.8125,0.875,-42.5,64.72770489713041
339872121782000,19727000,49.3125,1.8125,-42.75,65.28836276473778
339872142118000,20336000,49.3125,2.0625,-43.25,65.624226185914
339872163152000,21034000,49.0625,2.3125,-43.25,65.44493152643679
339872182380000,19228000,49.3125,2.0625,-43.75,65.95482592274806
339872202234000,19854000,49.0625,1.375,-43.5,65.58406461366968
339872222363000,20129000,49.0625,1.125,-43.5,65.5792995635818
339872243705000,21342000,49.0625,1.125,-43.75,65.74539551367837
339872263028000,19323000,49.0625,1.625,-43.5,65.58978221682094
339872283691000,20663000,49.5625,1.375,-43.5,65.95894201129973
339872303892000,20201000,49.8125,1.375,-43.5,66.14700130202426
339872324764000,20872000,49.8125,1.375,-43.25,65.98286354236227
339872344244000,19480000,49.8125,1.125,-43.25,65.97812729420258
339872364209000,19965000,49.5625,1.8125,-43.0,65.64089093316757
339872385677000,21468000,49.5625,2.0625,-43.0,65.64826968397568
339872405059000,19382000,49.8125,2.3125,-43.0,65.8455223420697
339872424631000,19572000,49.8125,2.5625,-43.25,66.01828581915771
339872444935000,20304000,49.3125,2.5625,-43.25,65.64184307665347
339872473159000,28224000,49.3125,2.5625,-43.5,65.8068314272918
339872487895000,14736000,48.5625,2.3125,-43.75,65.40433137415289
339872511265000,23370000,47.625,2.5625,-43.5,64.55197155199832
339872531432000,20167000,47.125,2.5625,-43.75,64.35366758196459
339872551374000,19942000,46.875,2.3125,-43.25,63.82143669058227
339872571402000,20028000,46.875,2.5625,-42.75,63.49326366828217
339872591469000,20067000,47.125,2.3125,-43.0,63.83661395508067
339872611954000,20485000,47.875,2.0625,-43.5,64.71877263398929
339872631962000,20008000,47.625,2.5625,-43.5,64.55197155199832
339872652283000,20321000,47.625,2.3125,-44.0,64.88056936595116
339872672448000,20165000,47.875,2.0625,-44.0,65.05589543807694
339872693808000,21360000,47.375,1.8125,-44.0,64.6813402864381
339872713212000,19404000,47.625,1.625,-44.25,65.02956058593661
339872733268000,20056000,48.125,1.625,-44.25,65.3966264420421
339872753574000,20306000,48.8125,1.8125,-43.75,65.57444481274699
339872774680000,21106000,49.0625,1.8125,-43.5,65.59469538384944
339872793758000,19078000,48.8125,1.375,-43.5,65.39725362161626
339872813731000,19973000,48.5625,1.375,-43.25,65.0443658686131
339872834577000,20846000,48.5625,1.125,-43.5,65.20607357639318
339872855187000,20610000,48.8125,1.125,-43.5,65.39247495889722
339872874659000,19472000,49.3125,1.125,-43.5,65.76654378367469
339872894834000,20175000,49.8125,1.125,-43.75,66.30696253976652
339872914989000,20155000,49.3125,1.125,-43.75,65.93216803086335
339872935851000,20862000,49.3125,1.375,-43.5,65.7712952681487
339872955265000,19414000,49.0625,1.8125,-43.25,65.42917210617907
339872975554000,20289000,48.5625,1.625,-43.25,65.0501309087845
339872997161000,21607000,47.625,1.625,-43.25,64.35327303253503
339873015292000,18131000,47.625,1.375,-43.0,64.17967941646327
339873035476000,20184000,47.625,0.875,-43.25,64.33870335964193
339873055304000,19828000,48.125,0.375,-43.25,64.7048587820111
339873075512000,20208000,49.0625,0.375,-43.5,65.5707216008029
339873096079000,20567000,49.0625,0.375,-43.75,65.73683922466914
339873116178000,20099000,48.8125,0.625,-43.75,65.55237052349823
339873137009000,20831000,48.5625,1.125,-43.75,65.37311780273295
339873156975000,19966000,48.5625,0.875,-43.25,65.03571735016075
339873177245000,20270000,48.3125,0.875,-43.25,64.84925428445572
339873196697000,19452000,48.8125,0.875,-43.5,65.38865177727708
339873216667000,19970000,48.8125,0.875,-43.0,65.05709631738877
339873236801000,20134000,49.3125,0.875,-43.5,65.76274234891669
339873258520000,21719000,49.5625,0.875,-43.25,65.78578517620657
339873278435000,19915000,49.5625,0.875,-42.75,65.45815099168323
339873298747000,20312000,49.5625,0.625,-43.25,65.78293495466738
339873320584000,21837000,49.0625,0.875,-43.25,65.40991538941172
339873340760000,20176000,49.3125,0.875,-43.5,65.76274234891669
339873362268000,21508000,49.5625,0.875,-43.25,65.78578517620657
339873381535000,19267000,49.5625,1.125,-43.0,65.62550595043058
339873402305000,20770000,49.3125,0.875,-43.0,65.43308246789233
339873422448000,20143000,49.0625,0.875,-43.0,65.24488126473985
339873442299000,19851000,48.8125,0.875,-43.25,65.22260559997584
339873465787000,23488000,48.8125,1.375,-43.75,65.56381075906128
339873482257000,16470000,49.0625,1.8125,-43.75,65.76075244779366
339873504000000,21743000,48.8125,2.0625,-43.75,65.58183103954936
339873523948000,19948000,48.5625,2.3125,-43.75,65.40433137415289
339873544634000,20686000,48.8125,2.0625,-43.5,65.41531978443582
339873564287000,19653000,48.5625,2.3125,-43.75,65.40433137415289
339873584208000,19921000,48.8125,2.5625,-43.5,65.43299292023865
339873604263000,20055000,48.5625,2.8125,-43.5,65.2570039344437
339873624955000,20692000,48.5625,2.8125,-43.25,65.09062192436019
339873646037000,21082000,48.5625,2.8125,-42.5,64.5947100194745
339873666130000,20093000,48.5625,2.5625,-43.25,65.0802989582869
339873686793000,20663000,48.8125,2.8125,-43.5,65.44326025267995
339873706625000,19832000,48.5625,3.3125,-43.5,65.28046463146536
339873726967000,20342000,49.0625,3.5625,-44.0,65.99863871702203
339873746977000,20010000,48.8125,3.5625,-43.75,65.64612755144053
339873767105000,20128000,48.8125,3.3125,-43.0,65.1354957953035
339873787144000,20039000,48.5625,2.8125,-43.0,64.92477618367275
339873807931000,20787000,48.125,2.5625,-42.75,64.42161540391548
339873827397000,19466000,47.875,2.5625,-42.5,64.06896308861258
339873847525000,20128000,48.125,2.0625,-43.25,64.73663592781139
339873867594000,20069000,48.125,2.0625,-43.0,64.56988099144988
339873889337000,21743000,48.125,1.375,-43.25,64.71838031038787
339873909588000,20251000,48.3125,0.875,-43.75,65.18378464963507
339873930977000,21389000,48.125,1.125,-43.25,64.71355151743721
339873950493000,19516000,48.3125,0.875,-43.0,64.68278968357812
339873970507000,20014000,48.125,0.875,-42.5,64.2108343661722
339873996099000,25592000,48.3125,0.625,-42.0,64.019436745804
339874012977000,16878000,48.3125,0.375,-42.25,64.18177919978535
339874032409000,19432000,48.3125,-0.125,-43.0,64.67699190013401
339874052488000,20079000,49.0625,-0.125,-43.25,65.40418206238803
339874072550000,20062000,49.0625,-0.125,-43.75,65.7358884571434
339874092583000,20033000,49.3125,-0.375,-43.75,65.92363598323442
339874112956000,20373000,49.0625,-0.125,-44.0,65.90253812449107
339874136937000,23981000,48.5625,-0.625,-44.5,65.87076006279266
339874153971000,17034000,48.5625,-0.375,-44.5,65.86886238011098
339874174916000,20945000,48.5625,-0.625,-44.5,65.87076006279266
339874194589000,19673000,49.5625,-1.125,-44.0,66.28504379760189
339874215618000,21029000,49.5625,-0.875,-43.75,66.1155770696286
339874235201000,19583000,49.5625,-0.875,-43.0,65.62169634541613
339874255199000,19998000,49.3125,-0.875,-43.0,65.43308246789233
339874275917000,20718000,48.5625,-0.375,-43.5,65.1974465086632
339874296155000,20238000,48.8125,-0.375,-43.5,65.38387248588141
339874315530000,19375000,48.5625,-0.625,-43.75,65.36642510685436
339874335691000,20161000,48.5625,-0.125,-43.75,65.36355659884184
339874356583000,20892000,49.0625,-0.125,-43.0,65.23913343423563
339874376805000,20222000,49.0625,0.625,-43.0,65.24200741278582
339874396083000,19278000,49.3125,0.875,-43.25,65.59764310743184
339874416343000,20260000,49.3125,1.375,-43.0,65.44167847213272
339874436819000,20476000,49.0625,1.375,-43.75,65.75014852644821
339874457492000,20673000,49.0625,1.125,-43.5,65.5792995635818
339874476912000,19420000,49.0625,0.875,-43.75,65.7415928560451
339874498137000,21225000,49.0625,0.375,-44.25,66.07065938258827
339874518167000,20030000,48.3125,0.625,-43.75,65.18090810390724
339874538242000,20075000,48.125,0.625,-44.0,65.21047653559971
339874558273000,20031000,47.875,0.875,-43.5,64.69181748876747
339874578388000,20115000,47.625,1.125,-43.5,64.51090024174209
339874599474000,21086000,48.125,0.625,-43.75,65.04205370373847
339874619357000,19883000,48.8125,0.375,-43.5,65.38387248588141
339874639531000,20174000,49.0625,0.875,-43.75,65.7415928560451
339874660966000,21435000,49.3125,0.625,-43.75,65.92553208924446
339874680205000,19239000,49.3125,1.125,-44.0,66.09832283235332
339874699957000,19752000,48.5625,1.625,-44.5,65.88783674738457
339874720104000,20147000,48.5625,1.375,-44.5,65.88214501099672
339874742971000,22867000,48.8125,1.375,-44.25,65.89850742808974
339874760673000,17702000,49.0625,1.375,-44.0,65.91676214173448
339874781657000,20984000,49.5625,1.8125,-43.5,65.96951237124615
339874801708000,20051000,49.5625,2.0625,-43.5,65.97685436954387
339874822122000,20414000,49.0625,2.3125,-43.75,65.77643242453941
339874841422000,19300000,48.8125,2.5625,-44.0,65.76645469006216
339874861426000,20004000,48.8125,2.0625,-44.5,66.08452210994643
339874881459000,20033000,49.3125,1.8125,-44.6875,66.57312121832655
339874902790000,21331000,49.5625,1.8125,-44.5,66.63314912639204
339874922275000,19485000,49.5625,1.625,-44.0,66.29541485841989
339874941995000,19720000,49.3125,1.625,-43.75,65.94259458991586
339874962112000,20117000,48.3125,1.375,-43.5,65.02490508451358
339874982654000,20542000,48.5625,1.375,-44.25,65.71354146026525
339875002710000,20056000,48.3125,1.8125,-44.5,65.70869662761544
339875026063000,23353000,48.5625,1.625,-44.6875,66.01461722603563
339875042435000,16372000,48.125,2.0625,-44.6875,65.70572416083701
339875062447000,20012000,47.625,1.8125,-44.0,64.86467282928358
339875082472000,20025000,46.875,1.375,-44.0,64.30518058445992
339875102513000,20041000,46.375,1.625,-43.25,63.43377452114922
339875122560000,20047000,47.375,1.375,-43.5,64.33141728580212
339875144363000,21803000,47.375,1.625,-43.75,64.5065403660745
339875163726000,19363000,48.3125,1.8125,-44.0,65.37111604141388
339875183595000,19869000,48.8125,1.625,-44.6875,66.19874196312193
339875203772000,20177000,48.8125,1.625,-44.25,65.90419775135723
339875224856000,21084000,49.0625,1.375,-44.0,65.91676214173448
339875244303000,19447000,48.5625,1.125,-44.0,65.54068988994547
339875264580000,20277000,48.125,0.875,-44.0,65.21335177707093
339875285078000,20498000,47.875,1.125,-44.25,65.20232932955693
339875305840000,20762000,47.875,0.875,-44.25,65.19849499796756
339875325382000,19542000,48.3125,0.875,-44.0,65.35184221772175
339875345541000,20159000,48.5625,0.875,-43.75,65.36929348899221
339875366205000,20664000,49.0625,0.375,-44.0,65.90348648781793
339875386301000,20096000,49.3125,0.375,-44.25,66.2565150098464
339875408458000,22157000,49.5625,0.125,-44.0,66.27561415219024
339875427413000,18955000,49.0625,-0.125,-44.0,65.90253812449107
339875447022000,19609000,48.5625,0.375,-43.75,65.36451278216644
339875467204000,20182000,48.3125,0.875,-43.25,64.84925428445572
339875487597000,20393000,48.5625,1.125,-43.75,65.37311780273295
339875509463000,21866000,48.8125,1.625,-43.75,65.56953012833019
339875527321000,17858000,48.3125,1.375,-43.5,65.02490508451358
339875547307000,19986000,47.125,0.625,-43.5,64.1358421633333
339875567227000,19920000,46.125,0.375,-43.25,63.23146961758836
339875587354000,20127000,45.875,-0.125,-43.0,62.87711229056245
339875607441000,20087000,45.875,-0.125,-43.75,63.39237927385278
339875627810000,20369000,47.125,0.125,-44.25,64.6439769042716
339875647815000,20005000,47.625,0.125,-44.25,65.00937432401577
339875667976000,20161000,48.125,0.375,-44.5,65.54697742840627
339875689492000,21516000,48.8125,0.125,-43.75,65.54951015263195
339875709152000,19660000,48.5625,0.125,-44.0,65.53115313535997
339875728690000,19538000,48.125,0.375,-43.75,65.0401318418098
339875748394000,19704000,47.875,0.375,-43.75,64.8553679351216
339875768427000,20033000,46.625,0.375,-44.0,64.10952542329416
339875788981000,20554000,46.375,0.125,-43.5,63.58385211671278
339875836059000,47078000,45.625,-0.375,-43.75,63.21268662222798
339875849397000,13338000,44.4375,-0.375,-43.75,62.36100168574908
339875869424000,20027000,45.625,-0.625,-43.25,62.869656830620606
339875889458000,20034000,45.375,-0.625,-43.5,62.86120624041508
339875909486000,20028000,45.625,-0.625,-43.5,63.04190074862908
339875929831000,20345000,46.375,-0.375,-43.25,63.4140658687014
339875950837000,21006000,45.625,-0.125,-43.5,63.03892646611298
339875970733000,19896000,45.875,-0.125,-43.5,63.22010162914957
339875991800000,21067000,46.125,0.125,-43.5,63.401744849806775
339876011054000,19254000,45.875,-0.625,-44.0,63.56812290763351
339876030987000,19933000,46.625,-0.125,-44.25,64.28039164473098
339876051282000,20295000,46.625,0.125,-44.25,64.28039164473098
339876071117000,19835000,46.625,0.375,-44.5,64.45371401246014
339876091390000,20273000,46.875,0.625,-44.5,64.6367252419242
339876112206000,20816000,46.625,0.125,-44.0,64.10855052175178
339876132259000,20053000,46.875,0.125,-43.75,64.11976099456392
339876154011000,21752000,47.375,0.125,-42.75,63.811979674666105
339876172747000,18736000,47.875,0.125,-42.75,64.18406149504719
339876192763000,20016000,47.875,0.125,-43.25,64.51816604647098
339876213409000,20646000,48.125,-0.125,-43.75,65.03917088954933
339876234671000,21262000,48.5625,-0.375,-44.0,65.53210687327243
339876254354000,19683000,48.5625,-0.625,-43.75,65.36642510685436
339876273807000,19453000,48.8125,-0.625,-43.75,65.55237052349823
339876293985000,20178000,48.5625,-0.375,-43.25,65.03091212069842
339876315191000,21206000,48.5625,-0.125,-43.75,65.36355659884184
339876334508000,19317000,49.0625,0.125,-43.75,65.7358884571434
339876356437000,21929000,49.0625,0.625,-43.75,65.73874071846828
339876375395000,18958000,48.8125,0.875,-44.0,65.72233852542071
339876395218000,19823000,48.125,0.875,-43.75,65.0449363901603
339876415070000,19852000,47.875,1.125,-43.75,64.86404050011069
339876434908000,19838000,46.875,0.875,-43.75,64.1256091589
339876454683000,19775000,47.375,1.125,-43.75,64.4958816514667
339876475650000,20967000,47.625,1.125,-44.0,64.8491036946541
339876495745000,20095000,46.875,1.8125,-43.75,64.14525143180904
339876515815000,20070000,47.875,1.8125,-43.5,64.71128789670315
339876535906000,20091000,47.625,1.8125,-44.0,64.86467282928358
339876556124000,20218000,47.375,2.3125,-44.0,64.69728186910173
339876575939000,19815000,47.875,2.0625,-44.0,65.05589543807694
339876596098000,20159000,47.625,2.5625,-44.25,65.05973817385065
339876616193000,20095000,47.375,2.5625,-43.75,64.53696251955154
339876637942000,21749000,47.875,2.0625,-43.75,64.88707137211541
339876657076000,19134000,48.3125,2.0625,-44.25,65.54703702304171
339876676968000,19892000,48.5625,1.8125,-44.25,65.72415128778766
339876697683000,20715000,49.0625,1.375,-44.25,66.0839014530014
339876718154000,20471000,49.3125,1.625,-44.0,66.1087231857491
339876737431000,19277000,48.5625,1.375,-43.5,65.21086589863687
339876758207000,20776000,48.5625,1.375,-43.5,65.21086589863687
339876779703000,21496000,48.5625,1.625,-43.25,65.0501309087845
339876798987000,19284000,48.5625,1.625,-43.75,65.38363351214124
339876819188000,20201000,49.3125,2.0625,-44.0,66.12092378740635
339876839583000,20395000,49.0625,2.0625,-43.75,65.76811775092852
339876862399000,22816000,48.8125,2.3125,-43.5,65.42367929503813
339876882526000,20127000,48.5625,2.0625,-42.75,64.73123521531163
339876902126000,19600000,48.3125,1.625,-42.25,64.20125217820912
339876922357000,20231000,48.5625,1.375,-42.25,64.38376760682773
339876942210000,19853000,49.0625,1.125,-42.0,64.59407504756145
339876963886000,21676000,49.0625,0.625,-42.5,64.91355429530877
339876982639000,18753000,48.8125,0.375,-43.0,65.0522926671305
339877003218000,20579000,48.3125,0.125,-43.25,64.8434713849436
339877022696000,19478000,47.875,0.125,-44.0,65.02331312690856
339877042565000,19869000,46.625,0.625,-44.0,64.11147518190484
339877062739000,20174000,45.875,0.875,-43.5,63.2260330085638
339877082685000,19946000,45.625,0.875,-43.25,62.872639120685875
339877102911000,20226000,45.625,0.875,-43.5,63.04487489082677
339877122821000,19910000,46.375,0.625,-43.25,63.416037009576684
339877143004000,20183000,47.375,0.625,-43.5,64.31975785091234
339877163056000,20052000,47.125,0.875,-43.25,63.96947514244587
339877182982000,19926000,46.375,0.625,-43.0,63.24580025582726
339877203010000,20028000,46.125,0.875,-43.0,63.06568995896263
339877223258000,20248000,45.375,0.875,-43.0,62.519247036412715
339877243416000,20158000,46.125,0.375,-43.5,63.402730619429946
339877264030000,20614000,47.125,0.375,-42.75,63.627578533211526
339877283411000,19381000,48.125,0.375,-42.75,64.37172321757434
339877304445000,21034000,48.5625,0.125,-43.0,64.8639501668685
339877324208000,19763000,48.5625,0.125,-42.75,64.6984894046994
339877344156000,19948000,47.875,-0.125,-43.5,64.68602051448211
339877364243000,20087000,46.625,-0.375,-43.5,63.76739958630899
