200987042988000,21178000,43.6875,1.5625,-36.5625,56.98995936785707
200987062717000,19729000,43.1875,2.0,-36.0625,56.29976964872947
200987082657000,19940000,42.6875,1.8125,-36.3125,56.07232355404937
200987102720000,20063000,42.6875,1.8125,-36.3125,56.07232355404937
200987123836000,21116000,42.4375,2.5,-36.5625,56.07145274112309
200987142976000,19140000,42.4375,2.75,-36.8125,56.2464582218294
200987163011000,20035000,42.1875,2.5,-36.5625,55.88247992439133
200987183078000,20067000,41.1875,2.5,-36.5625,55.131448035581286
200987203183000,20105000,40.75,2.75,-36.5625,54.81734585192902
200987224547000,21364000,40.25,2.75,-36.5625,54.44668407029027
200987245759000,21212000,40.0,3.5,-37.3125,54.813070122462584
200987264777000,19018000,41.1875,4.25,-37.3125,55.73773687996311
200987284886000,20109000,41.6875,4.25,-37.3125,56.10822410752277
200987304900000,20014000,42.1875,4.5,-36.8125,56.17112525577532
200987325714000,20814000,42.9375,4.5,-36.3125,56.413443100913454
200987345338000,19624000,42.4375,4.25,-35.8125,55.691463102525866
200987365530000,20192000,42.4375,4.25,-35.8125,55.691463102525866
200987386372000,20842000,42.6875,4.5,-36.3125,56.22339648669404
200987409785000,23413000,42.6875,4.25,-36.3125,56.20393947491581
200987427091000,17306000,42.6875,4.25,-36.8125,56.528270029251736
200987446608000,19517000,42.9375,4.0,-36.8125,56.699109891602355
200987466577000,19969000,41.6875,3.25,-36.5625,55.54481580219706
200987486465000,19888000,41.0,3.25,-36.8125,55.19712543466372
200987506562000,20097000,40.75,3.25,-37.0625,55.17928874360379
200987527461000,20899000,40.75,3.75,-36.8125,55.04348423065168
200987547859000,20398000,41.4375,4.0,-37.0625,55.73773687996311
200987569152000,21293000,41.6875,3.5,-36.8125,55.72484017473715
200987588210000,19058000,41.9375,3.0,-36.0625,55.39185691507372
200987607606000,19396000,42.1875,2.75,-35.8125,55.40652319447594
200987627610000,20004000,41.9375,3.0,-35.8125,55.22942207284085
200987647689000,20079000,41.6875,3.5,-36.0625,55.23225110838775
200987667797000,20108000,41.0,3.75,-36.5625,55.0625
200987688245000,20448000,39.75,3.5,-37.0625,54.460457271767375
200987708318000,20073000,39.75,3.25,-37.0625,54.44496217511773
200987729353000,21035000,40.5,2.75,-36.5625,54.63175730516089
200987748512000,19159000,41.1875,2.25,-36.8125,55.28682313625915
200987768474000,19962000,42.1875,1.8125,-36.5625,55.85594613602029
200987788604000,20130000,42.4375,1.8125,-36.8125,56.208422133609126
200987808725000,20121000,42.4375,2.5,-37.0625,56.398761622042734
200987830435000,21710000,42.6875,2.5,-36.5625,56.2609017213553
200987849991000,19556000,42.9375,2.75,-36.8125,56.624655076212164
200987869478000,19487000,43.1875,2.75,-36.8125,56.8144595371636
200987889399000,19921000,43.1875,2.5,-36.8125,56.80290760603721
200987911059000,21660000,43.6875,2.75,-37.0625,57.356682805929424
200987930482000,19423000,43.6875,3.5,-36.8125,57.23642033268678
200987951991000,21509000,43.6875,3.0,-37.0625,57.36921267108343
200987972411000,20420000,44.1875,2.0,-36.8125,57.54733106322134
200987992728000,20317000,43.9375,1.5625,-37.0625,57.50281922436499
200988013787000,21059000,43.9375,0.5625,-36.8125,57.32347223214937
200988034394000,20607000,44.1875,0.5625,-35.8125,56.8804599027645
200988053230000,18836000,43.6875,1.3125,-35.5625,56.34724233491822
200988073237000,20007000,43.6875,1.5625,-34.8125,55.88335368202234
200988093299000,20062000,44.1875,1.8125,-35.3125,56.59322369992719
200988113381000,20082000,43.9375,1.8125,-36.0625,56.87084462842098
200988133398000,20017000,44.1875,1.8125,-36.8125,57.541119807925185
200988153911000,20513000,44.1875,1.8125,-37.3125,57.862275869084165
200988173675000,19764000,43.6875,1.8125,-37.5,57.603236128710684
200988193941000,20266000,43.4375,2.25,-37.0625,57.144621903552746
200988214338000,20397000,42.9375,2.0,-36.5625,56.43088970147467
200988233998000,19660000,42.6875,2.0,-36.5625,56.24090204201921
200988254599000,20601000,42.6875,1.8125,-36.5625,56.23454648834647
200988276609000,22010000,42.9375,1.0625,-36.8125,56.56781742961275
200988294770000,18161000,43.6875,1.0625,-37.0625,57.30057127769321
200988315060000,20290000,43.9375,1.0625,-37.0625,57.49140560770801
200988334851000,19791000,44.1875,1.3125,-37.0625,57.68783856888729
200988356312000,21461000,44.625,1.5625,-37.0625,58.02982799819417
200988376378000,20066000,45.125,1.5625,-36.5625,58.09925505116223
200988396085000,19707000,45.625,1.5625,-36.5625,58.48844704298448
200988417505000,21420000,44.625,1.5625,-36.3125,57.55371132689881
200988435398000,17893000,43.9375,1.5625,-36.0625,56.86342602015816
200988455388000,19990000,42.9375,1.8125,-36.0625,56.101853523301706
200988475656000,20268000,42.4375,2.25,-36.0625,55.736054870254314
200988495825000,20169000,42.9375,2.25,-36.0625,56.11769161770644
200988515823000,19998000,43.1875,2.25,-36.3125,56.46964062662344
200988535812000,19989000,42.9375,2.0,-36.5625,56.43088970147467
200988556567000,20755000,42.6875,1.8125,-36.5625,56.23454648834647
200988576521000,19954000,42.6875,2.0,-36.5625,56.24090204201921
200988596392000,19871000,42.1875,2.25,-36.0625,55.54594100832211
200988616398000,20006000,42.6875,2.25,-36.0625,55.926640007245204
200988636516000,20118000,42.9375,2.5,-35.5625,55.80833551092525
200988656607000,20091000,43.1875,2.0,-35.3125,55.82233256054426
200988676671000,20064000,43.6875,2.0,-35.5625,56.367446833256516
200988699514000,22843000,43.1875,2.0,-35.3125,55.82233256054426
200988717174000,17660000,43.1875,1.8125,-35.8125,56.13359483188298
200988737762000,20588000,43.6875,2.25,-36.3125,56.85294902201644
200988757226000,19464000,44.4375,2.25,-36.5625,57.58967192561527
200988778819000,21593000,45.125,2.75,-37.0625,58.45902010169175
200988798332000,19513000,45.375,2.75,-36.5625,58.33754821082216
200988818360000,20028000,44.875,3.0,-36.0625,57.64780595347927
200988840102000,21742000,44.625,3.0,-36.0625,57.453411832979945
200988859305000,19203000,44.625,3.25,-35.5625,57.15456702005536
200988879197000,19892000,44.625,3.25,-35.8125,57.31045525251043
200988899221000,20024000,44.875,2.75,-35.8125,57.47924217706771
200988922226000,23005000,44.625,3.25,-35.5625,57.15456702005536
200988941124000,18898000,44.4375,3.25,-35.3125,56.85267418952252
200988960753000,19629000,44.4375,3.75,-35.3125,56.883447174903175
200988980012000,19259000,44.1875,3.75,-35.3125,56.688361349575096
200989001274000,21262000,44.4375,3.75,-35.3125,56.883447174903175
200989020673000,19399000,44.625,3.75,-35.5625,57.185177548469674
200989040467000,19794000,44.625,4.0,-35.8125,57.357874622844946
200989060649000,20182000,44.875,4.25,-35.5625,57.41532488151574
200989081815000,21166000,44.625,4.25,-35.8125,57.37585102854685
200989101251000,19436000,44.4375,4.5,-36.3125,57.5633482565078
200989121737000,20486000,44.875,4.75,-36.3125,57.921721152344915
200989140775000,19038000,43.6875,4.75,-36.5625,57.16621871787568
200989160853000,20078000,43.6875,4.75,-36.3125,57.006647090492876
200989183336000,22483000,43.6875,4.25,-36.3125,56.967164336133145
200989201244000,17908000,42.9375,3.5,-36.3125,56.34249339974226
200989221048000,19804000,44.1875,3.5,-36.5625,57.45956458675962
200989241235000,20187000,43.6875,3.25,-36.5625,57.061165099391374
200989261193000,19958000,43.4375,3.25,-36.0625,56.549825928114046
200989281427000,20234000,43.9375,3.25,-35.8125,56.776769567315114
200989305539000,24112000,43.1875,3.0,-35.5625,56.025454594318106
200989323321000,17782000,44.1875,3.25,-35.5625,56.813634477121774
200989345386000,22065000,44.4375,3.0,-35.5625,56.994585817426554
200989363898000,18512000,44.4375,3.0,-35.5625,56.994585817426554
200989383902000,20004000,45.125,3.25,-35.5625,57.5458037675207
200989403915000,20013000,44.4375,3.0,-35.5625,56.994585817426554
200989423819000,19904000,44.625,3.0,-36.0625,57.453411832979945
200989443879000,20060000,43.9375,2.75,-35.8125,56.75034416195201
200989464011000,20132000,43.4375,2.5,-35.5625,56.19393038843252
200989484286000,20275000,43.4375,2.0,-35.5625,56.173906865198546
200989506134000,21848000,42.9375,2.25,-35.0625,55.48035970052826
200989525946000,19812000,43.1875,2.75,-35.3125,55.85423271785228
200989545588000,19642000,43.4375,2.5,-35.5625,56.19393038843252
200989565615000,20027000,44.1875,2.5,-35.5625,56.775668754317635
200989585649000,20034000,44.4375,2.0,-35.5625,56.95070510977015
200989605725000,20076000,43.9375,1.0625,-35.3125,56.37912263196369
200989626761000,21036000,43.9375,1.0625,-35.0625,56.22287540450061
200989649105000,22344000,43.4375,1.3125,-35.0625,55.83831989548038
200989668954000,19849000,43.4375,1.0625,-35.5625,56.14834564570892
200989687389000,18435000,43.9375,1.3125,-35.8125,56.698868760761
200989708196000,20807000,43.4375,1.3125,-36.3125,56.63158764108596
200989727215000,19019000,42.9375,0.8125,-36.3125,56.23954763998373
200989747241000,20026000,42.6875,1.0625,-36.5625,56.21537128535219
200989767321000,20080000,42.6875,1.0625,-37.0625,56.54184705817453
200989787538000,20217000,43.6875,1.0625,-37.0625,57.30057127769321
200989807574000,20036000,43.6875,1.0625,-37.3125,57.46258973236414
200989827451000,19877000,43.6875,0.8125,-36.8125,57.135085269473436
200989847660000,20209000,43.9375,0.3125,-36.0625,56.84281369487263
200989867990000,20330000,43.4375,0.0625,-35.5625,56.13832664722026
200989888988000,20998000,44.1875,0.5625,-35.5625,56.723389961725665
200989908850000,19862000,44.4375,0.3125,-35.8125,57.072972751995316
200989928948000,20098000,44.4375,0.5625,-36.0625,57.23208644414425
200989949978000,21030000,44.4375,-0.1875,-36.5625,57.54600740928948
200989969897000,19919000,44.625,-0.9375,-36.5625,57.69823166701038
200989990773000,20876000,44.625,-0.6875,-36.3125,57.53660519617055
200990011069000,20296000,44.4375,-0.9375,-36.3125,57.39484270167486
200990030406000,19337000,44.4375,-0.1875,-36.0625,57.229629290691726
200990050646000,20240000,43.9375,0.0625,-35.3125,56.36914465157334
200990073571000,22925000,44.625,-0.1875,-35.5625,57.06239731644649
200990092391000,18820000,44.875,-0.4375,-35.5625,57.25948338485076
200990112330000,19939000,45.375,-0.1875,-35.8125,57.80537118209691
200990131591000,19261000,45.625,-0.4375,-36.3125,58.31320337196371
200990153476000,21885000,45.125,0.3125,-36.5625,58.079081324518214
200990173236000,19760000,45.125,1.0625,-36.8125,58.24564093131777
200990193751000,20515000,44.4375,1.0625,-36.5625,57.55550989045271
200990217921000,24170000,44.4375,1.3125,-37.0625,57.87955570622498
200990237458000,19537000,44.1875,1.0625,-36.8125,57.52238015546644
200990255092000,17634000,44.1875,1.3125,-36.5625,57.367884907411394
200990275733000,20641000,44.4375,1.5625,-36.8125,57.72601639425676
200990293892000,18159000,43.6875,1.8125,-36.5625,56.99736150691539
200990313950000,20058000,43.1875,1.5625,-36.5625,56.60757872184607
200990334118000,20168000,42.9375,1.5625,-36.5625,56.41707825428396
200990354032000,19914000,43.1875,1.5625,-36.5625,56.60757872184607
200990374083000,20051000,43.6875,1.8125,-36.8125,57.15805252761854
200990394309000,20226000,44.1875,1.8125,-36.8125,57.541119807925185
200990414376000,20067000,44.625,1.5625,-37.0625,58.02982799819417
200990434688000,20312000,44.625,1.3125,-37.0625,58.023634731891796
200990456213000,21525000,44.875,1.8125,-36.3125,57.75507282914636
200990475536000,19323000,45.125,2.25,-36.3125,57.96486678368199
200990495131000,19595000,44.875,2.5,-35.8125,57.46782387780139
200990515435000,20304000,44.875,2.25,-35.5625,57.3020028554849
200990536883000,21448000,44.875,1.8125,-36.3125,57.75507282914636
200990556186000,19303000,44.875,1.8125,-36.5625,57.91258229003435
200990576226000,20040000,44.875,1.8125,-36.5625,57.91258229003435
200990596115000,19889000,44.875,2.0,-36.3125,57.76126107738646
200990617559000,21444000,44.875,1.8125,-36.0625,57.598217745864325
200990637141000,19582000,44.625,1.3125,-35.8125,57.23328085563504
200990656834000,19693000,44.4375,1.0625,-36.5625,57.55550989045271
200990676976000,20142000,44.1875,1.0625,-37.3125,57.843640261916434
200990698221000,21245000,43.9375,1.0625,-37.3125,57.6528877745946
200990719179000,20958000,43.9375,1.0625,-37.3125,57.6528877745946
200990737547000,18368000,44.4375,1.0625,-36.5625,57.55550989045271
200990758511000,20964000,43.9375,1.3125,-36.3125,57.015999673337305
200990781278000,22767000,43.4375,1.3125,-36.0625,56.47161206083992
200990798737000,17459000,42.4375,1.5625,-36.5625,56.03748048181681
200990818910000,20173000,41.1875,1.3125,-37.0625,55.423476242022204
200990839356000,20446000,41.4375,0.8125,-36.8125,55.43362444175917
200990858950000,19594000,41.9375,0.3125,-36.5625,55.638727238767785
200990878981000,20031000,42.4375,-0.1875,-36.0625,55.690937043203
200990899162000,20181000,42.6875,-0.4375,-36.0625,55.8830740810668
200990919332000,20170000,42.6875,-1.4375,-36.0625,55.89984766303035
200990940053000,20721000,42.1875,-1.6875,-37.0625,56.1806169310199
200990959659000,19606000,42.1875,-1.4375,-37.5,56.46327622889058
200990979828000,20169000,42.4375,-1.1875,-38.0,56.976763355775134
200991001230000,21402000,42.4375,-0.1875,-38.5,57.299446441479695
200991019867000,18637000,42.9375,0.3125,-38.25,57.504687308948995
200991039884000,20017000,43.6875,0.5625,-37.75,57.74059717824193
200991059945000,20061000,43.4375,0.5625,-37.0625,57.10307976589354
200991080072000,20127000,43.1875,0.8125,-36.5625,56.59184321746377
200991100063000,19991000,42.4375,0.5625,-36.3125,55.85566639786871
200991120245000,20182000,41.1875,0.0625,-36.3125,54.9091223636838
200991140275000,20030000,40.5,-0.1875,-36.5625,54.562822163997346
200991160854000,20579000,41.0,-1.4375,-36.8125,55.120110327356926
200991180990000,20136000,41.4375,-1.875,-36.8125,55.45937420761255
200991200490000,19500000,41.9375,-2.125,-36.8125,55.842901854219576
200991220742000,20252000,43.1875,-2.375,-36.5625,56.63582953837614
200991241526000,20784000,43.4375,-1.875,-36.3125,56.64741554122306
200991262313000,20787000,44.1875,-2.375,-36.0625,57.084846391139564
200991281625000,19312000,44.4375,-2.625,-35.5625,56.976077765146314
200991301574000,19949000,44.625,-2.875,-35.5625,57.134469948097006
200991321353000,19779000,43.6875,-3.375,-35.5625,56.432966318456096
200991341329000,19976000,42.4375,-2.875,-35.5625,55.4427491877883
200991361283000,19954000,42.9375,-2.875,-35.5625,55.82639104849963
200991381357000,20074000,42.6875,-2.875,-35.5625,55.634339103650724
200991401412000,20055000,43.4375,-3.125,-35.5625,56.22520286757532
200991422328000,20916000,44.625,-3.375,-35.0625,56.852090166061615
200991442631000,20303000,44.625,-3.625,-35.3125,57.02195985977683
200991462028000,19397000,45.125,-3.875,-35.0625,57.277047377199885
200991482274000,20246000,45.625,-3.625,-34.8125,57.503838187115825
200991502877000,20603000,45.625,-3.625,-34.3125,57.202525348536845
200991524140000,21263000,45.875,-4.375,-34.3125,57.45436368327474
200991544390000,20250000,46.125,-5.125,-34.3125,57.71593286303185
200991565676000,21286000,46.375,-5.8125,-34.5625,58.12909931781156
200991584864000,19188000,46.375,-6.5625,-35.0625,58.50714432870571
200991605247000,20383000,46.375,-7.0625,-34.5625,58.26736597358765
200991625869000,20622000,46.375,-7.5625,-34.3125,58.18229702839172
200991646604000,20735000,45.875,-7.5625,-34.0625,57.63645493522307
200991666475000,19871000,46.125,-7.5625,-33.875,57.72540737188435
200991686840000,20365000,46.625,-7.3125,-33.625,57.948286482431904
200991707417000,20577000,46.875,-6.8125,-33.125,57.80087721003895
200991727164000,19747000,47.625,-6.5625,-32.625,58.09989377141752
200991747020000,19856000,47.125,-6.3125,-32.875,57.804661630788914
200991767171000,20151000,47.375,-6.0625,-32.875,57.981981306695616
200991789532000,22361000,48.125,-5.8125,-32.875,58.57103726459008
200991809115000,19583000,48.3125,-5.8125,-32.875,58.725194231266705
200991827172000,18057000,48.3125,-6.0625,-32.875,58.75046542368835
200991847237000,20065000,48.125,-6.3125,-32.875,58.6227678146469
200991867513000,20276000,47.375,-6.5625,-33.125,58.17836931583765
200991887486000,19973000,47.625,-6.8125,-32.875,58.26934362295494
200991907367000,19881000,48.5625,-6.5625,-32.375,58.732643712845075
200991927566000,20199000,49.3125,-6.3125,-32.375,59.327151773028845
200991947759000,20193000,50.0625,-6.3125,-31.875,59.68347499517768
200991968763000,21004000,50.3125,-6.3125,-31.625,59.76065543064266
200991988594000,19831000,50.8125,-6.0625,-31.375,60.02545033150522
200992008698000,20104000,50.8125,-5.5625,-30.375,59.46000494029579
200992030010000,21312000,51.3125,-5.375,-30.1875,59.775818166713535
200992049259000,19249000,51.3125,-5.125,-30.1875,59.7538570930781
200992069702000,20443000,50.8125,-5.375,-30.1875,59.34716452788625
200992089452000,19750000,50.5625,-5.375,-30.375,59.22919597841929
200992110597000,21145000,50.3125,-5.5625,-30.875,59.29211319813117
200992129977000,19380000,50.5625,-5.8125,-30.625,59.399008304011275
200992149877000,19900000,51.0625,-5.5625,-30.375,59.67378769191713
200992170406000,20529000,51.75,-5.8125,-30.625,60.413063829357306
200992192227000,21821000,52.0,-5.125,-30.1875,60.34526312188886
200992212468000,20241000,52.25,-4.375,-30.375,60.595740361843916
200992232644000,20176000,52.5,-4.125,-30.625,60.919260090713514
200992253001000,20357000,51.75,-3.875,-30.375,60.13084690905326
200992272622000,19621000,51.5625,-3.625,-30.375,59.95392110821443
200992293069000,20447000,51.0625,-3.375,-30.375,59.50974841360027
200992316203000,23134000,50.8125,-3.125,-30.1875,59.18581702992702
200992340315000,24112000,51.3125,-2.875,-30.1875,59.603048894330904
200992356642000,16327000,50.0625,-3.125,-30.1875,58.54318651645126
200992376487000,19845000,49.0625,-3.125,-29.6875,57.43032463341993
200992396759000,20272000,48.5625,-3.125,-30.1875,57.26575929383981
200992416711000,19952000,47.375,-2.375,-30.1875,56.22558497917118
200992436734000,20023000,47.625,-1.875,-29.9375,56.28419099756165
200992456756000,20022000,48.3125,-1.4375,-29.9375,56.85435751769604
200992477038000,20282000,48.5625,-1.1875,-29.4375,56.800466272293924
200992496909000,19871000,49.0625,-1.1875,-29.6875,57.357534106253205
200992517186000,20277000,50.0625,-0.9375,-29.6875,58.210655972510736
200992537572000,20386000,50.3125,-1.1875,-29.9375,58.557763949368834
200992557518000,19946000,50.3125,-0.6875,-29.9375,58.54975848583835
200992577619000,20101000,50.5625,-0.4375,-29.6875,58.635360225294086
200992599045000,21426000,50.0625,-0.4375,-29.9375,58.33265996635161
200992618372000,19327000,50.3125,0.0625,-30.1875,58.67398672964025
200992638450000,20078000,50.3125,0.0625,-30.1875,58.67398672964025
200992658214000,19764000,50.3125,0.3125,-29.9375,58.546555993926745
200992679624000,21410000,50.3125,0.5625,-29.9375,58.548424135496596
200992698767000,19143000,50.0625,0.5625,-29.6875,58.20582418237886
200992719006000,20239000,50.0625,0.8125,-29.6875,58.20877699067384
200992739516000,20510000,50.3125,0.5625,-29.9375,58.548424135496596
200992760210000,20694000,50.5625,0.5625,-29.6875,58.63642612531906
200992779321000,19111000,50.0625,0.5625,-29.9375,58.33373139745134
200992799446000,20125000,49.8125,0.5625,-29.9375,58.11932095912684
200992828168000,28722000,49.8125,0.8125,-30.1875,58.25144177400247
200992842183000,14015000,48.3125,0.8125,-30.375,57.073622957544934
200992862317000,20134000,48.125,0.5625,-30.1875,56.81212183592512
200992884330000,22013000,47.875,0.5625,-30.375,56.700728886408506
200992904382000,20052000,47.375,0.3125,-30.625,56.41257755368035
200992924428000,20046000,48.5625,0.0625,-30.625,57.41263743724024
200992944602000,20174000,49.0625,0.5625,-31.375,58.23947061486737
200992965505000,20903000,49.0625,0.5625,-31.125,58.10517134902882
200992986820000,21315000,49.3125,0.8125,-30.625,58.0540561675065
200993005866000,19046000,48.5625,0.5625,-30.875,57.54909588777221
200993025717000,19851000,48.3125,-0.1875,-30.1875,56.96857000794385
200993045845000,20128000,48.5625,-0.6875,-30.375,57.28376460656195
200993065471000,19626000,48.125,-0.9375,-30.1875,56.81707214825488
200993085326000,19855000,48.3125,-0.4375,-29.6875,56.70658443911077
200993105407000,20081000,48.5625,-0.1875,-29.6875,56.91835572774393
200993125537000,20130000,48.3125,-0.4375,-29.4375,56.57610333656782
200993145581000,20044000,48.8125,-0.6875,-29.6875,57.13563221624488
200993167705000,22124000,48.8125,-0.9375,-29.6875,57.1391872426446
200993187302000,19597000,48.8125,-1.1875,-29.4375,57.01435537432656
200993207203000,19901000,48.3125,-1.1875,-29.6875,56.71732952766729
200993227835000,20632000,48.3125,-1.4375,-29.4375,56.59267151098276
200993248220000,20385000,48.3125,-1.6875,-29.4375,56.5995734855838
200993267562000,19342000,47.875,-1.4375,-29.6875,56.350951078930336
200993287589000,20027000,48.125,-0.9375,-29.1875,56.292136995321115
200993308041000,20452000,47.375,-0.9375,-29.6875,55.916162131355186
200993328574000,20533000,47.375,-0.4375,-29.9375,56.04316138031473
200993348527000,19953000,47.375,-0.6875,-29.6875,55.9125293427153
200993368825000,20298000,47.375,-0.9375,-29.4375,55.78383222314508
200993387857000,19032000,45.875,-0.9375,-28.6875,54.1143898376393
200993408323000,20466000,45.125,-1.1875,-28.4375,53.35135600432289
200993428715000,20392000,44.4375,-0.6875,-28.1875,52.627931925451904
200993448251000,19536000,44.1875,-0.6875,-28.4375,52.55187169597292
200993468649000,20398000,45.875,-0.6875,-28.9375,54.2435912113127
200993490095000,21446000,46.625,-0.6875,-29.6875,55.2784853039589
200993509751000,19656000,47.625,-0.9375,-29.6875,56.12813187252895
200993529882000,20131000,47.875,-0.9375,-29.6875,56.340413448074735
200993550514000,20632000,47.625,-0.6875,-29.9375,56.25715232306022
200993570706000,20192000,47.125,-1.1875,-29.9375,55.842901854219576
200993590480000,19774000,46.625,-0.9375,-30.625,55.791219347223446
200993610765000,20285000,46.375,-0.9375,-30.875,55.720599029891986
200993631332000,20567000,46.125,-0.4375,-30.1875,55.1270549503599
200993652523000,21191000,45.625,-0.1875,-29.4375,54.29771806899439
200993671721000,19198000,45.125,-0.1875,-29.4375,53.878262662227705
200993691178000,19457000,44.1875,0.3125,-29.6875,53.235143173941026
200993711197000,20019000,43.6875,0.3125,-30.1875,53.10348829173089
200993731713000,20516000,43.9375,1.3125,-30.375,53.43095720179454
200993751441000,19728000,43.9375,1.5625,-29.9375,53.19021732189106
200993771716000,20275000,44.875,1.5625,-29.9375,53.96722095401986
200993792278000,20562000,45.625,2.0,-29.9375,54.606726062363414
200993812475000,20197000,45.875,2.0,-29.9375,54.815778123182746
200993832522000,20047000,46.125,2.0,-30.1875,55.16158791450805
200993852621000,20099000,45.875,2.25,-29.6875,54.68935711132469
200993874336000,21715000,43.9375,1.8125,-29.6875,53.05786198811633
200993894004000,19668000,43.4375,1.3125,-29.6875,52.62971326874202
200993914190000,20186000,42.9375,1.3125,-29.4375,52.076078661416126
200993934192000,20002000,42.9375,1.0625,-28.9375,51.78934947216464
200993954544000,20352000,44.625,1.3125,-28.4375,52.93207616842551
200993975251000,20707000,44.875,1.8125,-28.6875,53.29187027586853
200993994590000,19339000,45.125,1.8125,-28.4375,53.36892529834192
200994016711000,22121000,45.125,1.8125,-28.9375,53.63701788410687
200994036039000,19328000,44.875,1.5625,-29.1875,53.55480545665347
200994056262000,20223000,44.4375,1.5625,-28.9375,53.051971864860974
200994077611000,21349000,44.4375,1.3125,-29.6875,53.45803698930592
200994096962000,19351000,44.1875,1.3125,-29.9375,53.39018373025139
200994116753000,19791000,43.9375,1.3125,-30.1875,53.324588312991224
200994137143000,20390000,44.1875,0.8125,-30.625,53.76881937982272
200994159427000,22284000,43.4375,0.8125,-30.875,53.29861337314508
200994178870000,19443000,42.9375,0.3125,-31.625,53.32792127488189
200994197810000,18940000,42.6875,-0.1875,-31.875,53.275448731099395
200994217616000,19806000,42.6875,-0.1875,-31.625,53.126249985294464
200994238829000,21213000,43.1875,-0.4375,-31.125,53.23642726085213
200994257517000,18688000,43.1875,-0.4375,-30.375,52.80144114983984
200994277524000,20007000,43.1875,-0.1875,-29.9375,52.54949303989525
200994297561000,20037000,43.1875,-0.1875,-29.9375,52.54949303989525
200994317885000,20324000,43.4375,-0.4375,-30.1875,52.89889383295269
200994338657000,20772000,43.6875,-0.4375,-29.9375,52.96265636040171
200994359211000,20554000,43.4375,-0.6875,-30.1875,52.901552139327634
200994379565000,20354000,43.4375,-0.6875,-30.1875,52.901552139327634
200994399910000,20345000,42.1875,-0.4375,-29.6875,51.588023985708155
200994419096000,19186000,41.9375,-0.6875,-30.1875,51.67699409553539
200994439158000,20062000,42.1875,-0.4375,-30.625,52.133167825291416
200994459248000,20090000,42.1875,-0.9375,-30.375,51.99331387303564
200994479509000,20261000,43.1875,-0.6875,-30.875,53.09329936536248
200994500178000,20669000,43.4375,-0.6875,-30.625,53.15241939460517
200994519925000,19747000,43.6875,-0.9375,-30.875,53.50459968544761
200994540030000,20105000,43.9375,-0.9375,-31.125,53.853026261297515
200994561314000,21284000,43.9375,-1.1875,-30.875,53.71386867001855
200994580686000,19372000,43.9375,-1.1875,-30.875,53.71386867001855
200994600849000,20163000,43.9375,-1.4375,-30.1875,53.327811400337815
200994621416000,20567000,43.6875,-1.4375,-30.1875,53.122021975354066
200994641938000,20522000,43.4375,-1.875,-30.375,53.037464647643176
200994661275000,19337000,43.6875,-1.6875,-31.125,53.66759671813151
200994681405000,20130000,43.1875,-1.6875,-31.625,53.55509721305713
200994701809000,20404000,42.9375,-1.6875,-32.125,53.651581407261425
200994722434000,20625000,42.9375,-1.1875,-32.375,53.78828578324466
200994741810000,19376000,42.1875,-1.1875,-32.125,53.03971094849594
200994763017000,21207000,41.6875,-1.1875,-32.625,52.949489492345435
200994783336000,20319000,41.1875,-1.1875,-32.625,52.556740171932276
200994801851000,18515000,39.75,-1.4375,-33.125,51.76286826722414
200994821862000,20011000,39.25,-1.4375,-33.625,51.70367038470286
200994841954000,20092000,39.75,-0.6875,-33.375,51.90785856929565
200994863040000,21086000,39.5,-0.1875,-32.875,51.391154698547105
200994882516000,19476000,40.25,0.3125,-32.375,51.6555977726519
200994902620000,20104000,40.25,0.8125,-32.125,51.5047403764935
200994922552000,19932000,39.75,0.8125,-31.875,50.95820131490122
200994942458000,19906000,39.5,0.8125,-32.125,50.92077946428157
200994963179000,20721000,39.5,1.0625,-32.625,51.24226313552125
200994983121000,19942000,39.5,1.0625,-32.375,51.0834565319341
200995003192000,20071000,38.5,0.5625,-32.625,50.46738581747622
200995023365000,20173000,38.25,0.5625,-32.875,50.43951359053733
200995043742000,20377000,37.75,0.3125,-32.875,50.05922273917165
200995063538000,19796000,37.3125,0.3125,-33.125,49.89575069582579
200995083580000,20042000,37.5,0.8125,-33.375,50.2075769306785
200995103731000,20151000,37.75,1.0625,-33.375,50.39922649456041
200995123722000,19991000,38.0,0.8125,-33.125,50.41751462785527
200995143991000,20269000,38.75,0.5625,-33.125,50.98180588455062
200995163962000,19971000,39.25,0.0625,-33.125,51.359828964376426
200995184013000,20051000,39.75,-0.1875,-32.875,51.58355630673403
200995204307000,20294000,39.75,-0.1875,-33.125,51.74324382226147
200995224622000,20315000,40.0,0.0625,-33.375,52.095052848135204
200995244737000,20115000,40.25,0.3125,-32.875,51.97043179780211
200995265567000,20830000,40.0,0.3125,-33.375,52.09595263789693
200995286594000,21027000,40.75,0.5625,-32.875,52.360715534167404
200995306235000,19641000,41.0,0.5625,-32.875,52.555513804452524
200995327526000,21291000,41.0,0.3125,-33.125,52.71018195045431
200995346609000,19083000,41.0,0.0625,-33.125,52.70929264607902
200995366971000,20362000,40.5,-0.9375,-33.625,52.64759758289071
200995387963000,20992000,40.0,-1.6875,-33.125,51.96261426496939
200995407661000,19698000,39.75,-1.875,-33.125,51.7768650074529
200995428215000,20554000,40.25,-2.125,-32.875,52.01291906824688
200995448367000,20152000,40.0,-1.6875,-32.375,51.487748846206124
200995469236000,20869000,39.25,-1.875,-32.125,50.75523372027756
200995489584000,20348000,38.75,-2.375,-31.625,50.073383648401474
200995510054000,20470000,37.75,-2.875,-31.375,49.170303537806234
200995529739000,19685000,37.5,-3.125,-30.875,48.675263224763356
200995549646000,19907000,37.3125,-2.875,-30.875,48.51550171079343
200995569772000,20126000,37.0625,-2.375,-30.625,48.13688976502325
200995589789000,20017000,36.5625,-2.375,-30.1875,47.473594634280644
200995609846000,20057000,35.5625,-2.375,-30.625,46.99172965799408
200995630042000,20196000,35.3125,-2.875,-30.625,46.83085421226053
200995650307000,20265000,35.8125,-3.125,-31.125,47.550671985262206
200995670538000,20231000,36.5625,-3.125,-31.625,48.44298356057356
200995690616000,20078000,38.0,-3.375,-31.375,49.39414185913143
200995710530000,19914000,39.0,-3.125,-31.625,50.30811316278916
200995730881000,20351000,39.5,-2.875,-31.625,50.681912454050114
200995750701000,19820000,40.0,-3.125,-31.625,51.08724155794673
200995771025000,20324000,39.5,-2.625,-31.625,50.668345641041014
200995791574000,20549000,39.75,-2.625,-31.625,50.86348149704265
200995811178000,19604000,39.5,-3.125,-31.375,50.541134237371445
200995831425000,20247000,39.0,-2.875,-30.875,49.82500627195144
200995851480000,20055000,39.25,-2.875,-30.375,49.71386878930265
200995871540000,20060000,38.5,-2.875,-30.375,49.12388675583397
200995891487000,19947000,38.75,-2.375,-30.375,49.29344530462443
200995911525000,20038000,39.0,-2.125,-30.375,49.47884649019215
200995932598000,21073000,38.25,-2.125,-31.125,49.35933295740533
200995952136000,19538000,38.25,-2.125,-30.625,49.045578292033625
200995977703000,25567000,37.75,-2.125,-31.125,48.97288790749428
200995993279000,15576000,37.3125,-2.125,-30.875,48.47683886403898
200996013524000,20245000,37.3125,-2.125,-30.875,48.47683886403898
200996033739000,20215000,37.3125,-1.875,-31.125,48.62616483180634
200996054274000,20535000,36.8125,-1.6875,-30.875,48.075705273037855
200996074493000,20219000,36.5625,-0.9375,-31.625,48.351173072635994
200996094269000,19776000,37.0625,-0.4375,-32.125,49.04932147848734
200996114271000,20002000,37.75,-0.1875,-32.625,49.89477208335558
200996134444000,20173000,38.75,0.0625,-32.625,50.655276440367
200996154361000,19917000,39.0,0.0625,-32.375,50.68672934062722
200996175955000,21594000,38.75,0.0625,-31.625,50.01706739953873
200996195473000,19518000,38.25,0.3125,-31.625,49.6316510026616
200996215027000,19554000,37.0625,0.5625,-31.375,48.562701093534734
200996235018000,19991000,35.8125,0.8125,-31.375,47.61917615310034
200996254789000,19771000,35.3125,1.0625,-31.625,47.41563231150672
200996275299000,20510000,35.8125,1.3125,-30.875,47.302467562485575
200996294980000,19681000,36.8125,1.5625,-31.375,48.394133812891
200996316441000,21461000,38.5,1.3125,-31.875,49.99988281236267
200996335026000,18585000,39.75,1.0625,-31.875,50.962800465143204
200996355127000,20101000,40.0,1.3125,-32.375,51.476822757916985
200996375240000,20113000,39.75,1.5625,-31.875,50.97567587830494
200996395306000,20066000,39.0,2.5,-31.875,50.43080036049398
200996415269000,19963000,38.5,3.0,-31.625,49.913832000759065
200996435939000,20670000,37.75,3.0,-31.875,49.49826385844255
200996456262000,20323000,37.75,3.0,-32.125,49.65962268281949
200996476200000,19938000,38.25,2.75,-32.125,50.02639928077974
200996496261000,20061000,38.5,2.5,-32.375,50.365073463661304
200996516366000,20105000,38.5,2.25,-32.375,50.35328316008798
200996536432000,20066000,38.75,1.5625,-32.375,50.518754252752515
200996556454000,20022000,39.0,0.8125,-32.375,50.693202515228805
200996576634000,20180000,38.75,0.5625,-32.125,50.337804195753314
200996597991000,21357000,39.75,0.5625,-32.375,51.26908943262012
200996618480000,20489000,40.0,0.5625,-32.375,51.463161885469106
200996638952000,20472000,39.25,0.8125,-32.125,50.72709612475368
200996657978000,19026000,39.0,1.0625,-32.625,50.85783647826557
200996678071000,20093000,37.5,1.3125,-32.625,49.722864773160445
200996698191000,20120000,38.25,1.3125,-32.375,50.129091167205495
200996724274000,26083000,38.25,1.5625,-32.375,50.13625964558984
200996744567000,20293000,39.0,1.0625,-31.875,50.38000130260022
200996764927000,20360000,39.75,0.5625,-31.625,50.79881427011855
200996785466000,20539000,38.75,0.0625,-32.125,50.3347000711239
200996804954000,19488000,39.0,-0.9375,-31.875,50.377520098254145
200996824577000,19623000,38.75,-0.9375,-32.625,50.66391251423443
200996844808000,20231000,38.5,-0.6875,-32.625,50.46893382319464
200996864688000,19880000,38.75,-0.4375,-32.375,50.49648038477533
200996885090000,20402000,39.5,-0.1875,-33.125,51.55143820738661
200996904840000,19750000,40.25,0.3125,-33.125,52.12893420404833
200996924864000,20024000,40.75,0.0625,-32.875,52.35773134170349
200996945568000,20704000,41.1875,0.0625,-33.375,53.012306943765424
200996965346000,19778000,40.75,0.3125,-33.125,52.51595739630003
200996985328000,19982000,39.75,-0.1875,-32.875,51.58355630673403
200997005203000,19875000,39.5,-0.6875,-33.125,51.55568136733332
200997026085000,20882000,38.75,-0.6875,-32.875,50.821263082001416
200997046220000,20135000,38.5,-0.6875,-32.625,50.46893382319464
200997066263000,20043000,38.5,-0.6875,-32.625,50.46893382319464
200997086720000,20457000,38.25,-0.4375,-32.625,50.275685288715856
200997106656000,19936000,38.0,0.0625,-32.875,50.2470848034988
200997127301000,20645000,37.75,0.3125,-33.875,50.72155144758488
200997146872000,19571000,38.0,0.5625,-34.0625,51.03499106005604
200997167413000,20541000,38.0,0.8125,-34.5625,51.37340325985811
200997187110000,19697000,38.0,0.5625,-34.5625,51.370057548147635
200997207005000,19895000,38.0,-0.1875,-34.3125,51.19944152527447
200997227052000,20047000,37.75,-0.1875,-35.0625,51.52161257666534
200997247191000,20139000,37.75,-0.1875,-35.3125,51.69207204688162
200997267246000,20055000,37.3125,-0.1875,-35.8125,51.718400678578604
200997288266000,21020000,37.5,0.8125,-35.8125,51.85986224914216
200997307376000,19110000,37.5,1.0625,-35.3125,51.52039947923541
200997327641000,20265000,37.75,1.3125,-35.0625,51.53798659726629
200997348502000,20861000,38.0,1.5625,-34.5625,51.39073664095505
200997368915000,20413000,37.5,1.5625,-34.8125,51.191811478985585
200997388299000,19384000,37.3125,1.8125,-35.0625,51.23364830606932
200997408707000,20408000,37.3125,2.0,-35.0625,51.2406241423736
200997428549000,19842000,37.5,2.0,-35.5625,51.71983571367952
200997449025000,20476000,38.25,1.8125,-34.8125,51.75188704288956
200997470116000,21091000,38.75,1.3125,-34.5625,51.940846763409624
200997491437000,21321000,39.0,1.0625,-34.3125,51.956487203235746
200997509541000,18104000,39.0,0.8125,-34.3125,51.95197602112936
200997530291000,20750000,39.25,1.0625,-34.8125,52.47477072365348
200997550058000,19767000,39.25,1.0625,-35.3125,52.807803045572726
200997570521000,20463000,38.75,0.8125,-35.8125,52.77080454664302
200997590381000,19860000,38.75,1.0625,-35.5625,52.605919937778864
200997611946000,21565000,38.25,0.5625,-35.5625,52.23093252565954
200997630375000,18429000,38.25,0.3125,-35.0625,51.88968165733916
200997650722000,20347000,38.5,0.3125,-34.5625,51.73890279567204
200997670488000,19766000,38.5,0.0625,-35.0625,52.0733407080821
200997690537000,20049000,38.75,0.0625,-35.0625,52.258447283668886
200997710769000,20232000,38.5,0.3125,-35.3125,52.242897244505876
200997731608000,20839000,38.75,0.0625,-35.5625,52.59522613793005
200997751294000,19686000,38.75,0.0625,-35.0625,52.258447283668886
200997771511000,20217000,38.5,-0.6875,-35.5625,52.41578066288815
200997791447000,19936000,38.25,-0.9375,-35.8125,52.406836982401444
200997811893000,20446000,37.75,-0.9375,-35.5625,51.87131010973214
200997831950000,20057000,37.5,-1.4375,-35.5625,51.701139373325226
200997852209000,20259000,37.75,-1.1875,-35.5625,51.8764307031623
200997872268000,20059000,38.25,-1.1875,-35.0625,51.90232713954163
200997892553000,20285000,38.75,-1.6875,-35.3125,52.453625351352024
200997912533000,19980000,39.0,-1.875,-35.0625,52.47756216946439
200997932363000,19830000,39.0,-2.125,-34.5625,52.15440567440108
200997952732000,20369000,38.5,-2.875,-34.0625,51.48562451063403
200997972584000,19852000,38.25,-3.125,-33.875,51.189293314129664
200997992605000,20021000,38.5,-3.125,-33.375,51.048077828650904
200998012647000,20042000,38.25,-3.625,-33.375,50.892963659036404
200998032818000,20171000,39.0,-3.625,-33.875,51.784710581406166
200998052903000,20085000,39.5,-4.125,-33.875,52.19943725750307
200998072914000,20011000,39.25,-4.625,-34.3125,52.338329943264334
200998092959000,20045000,39.5,-4.625,-33.625,52.07956653045415
200998113016000,20057000,39.75,-4.875,-33.125,51.97204777570343
200998133099000,20083000,39.25,-4.625,-32.875,51.407380306722494
200998153177000,20078000,40.0,-4.375,-32.375,51.645728284147566
200998173242000,20065000,40.5,-4.375,-32.375,52.03394324861417
200998193653000,20411000,40.25,-4.625,-32.375,51.861293369911245
200998213467000,19814000,40.5,-4.875,-32.125,51.92332086837282
200998233480000,20013000,40.25,-5.125,-31.875,51.597904511714425
200998253457000,19977000,40.25,-5.375,-31.625,51.46934767412542
200998273505000,20048000,40.25,-5.375,-31.125,51.16364676212985
200998293926000,20421000,40.75,-4.875,-30.875,51.357509188043764
200998313875000,19949000,40.75,-5.125,-31.125,51.53245336678626
200998333903000,20028000,40.75,-4.875,-31.625,51.811859163708846
200998353955000,20052000,41.1875,-4.625,-31.875,52.28591020772231
200998373997000,20042000,40.75,-4.625,-32.625,52.40556983756593
200998394061000,20064000,40.5,-4.375,-32.375,52.03394324861417
200998414296000,20235000,40.75,-4.125,-32.125,52.05375826969653
200998434344000,20048000,40.25,-4.125,-32.125,51.663272737990575
200998454500000,20156000,40.5,-4.375,-31.375,51.41771338750878
200998474556000,20056000,41.0,-4.625,-31.875,52.13833762213751
200998494583000,20027000,41.0,-4.625,-31.875,52.13833762213751
200998514636000,20053000,41.6875,-4.125,-31.625,52.48813109884939
200998534711000,20075000,42.1875,-3.875,-31.625,52.867205394743536
200998558954000,24243000,42.9375,-3.625,-30.875,53.009764725472984
200998574909000,15955000,43.9375,-3.625,-30.875,53.82295194663704
200998595148000,20239000,43.9375,-3.625,-30.875,53.82295194663704
200998615172000,20024000,43.9375,-3.875,-30.375,53.55520662129874
200998635268000,20096000,43.9375,-3.375,-30.1875,53.415163460388285
200998655256000,19988000,43.1875,-3.375,-29.6875,52.51569705811777
200998675295000,20039000,43.4375,-3.875,-29.1875,52.47611063617425
200998695347000,20052000,43.9375,-3.375,-29.6875,53.134190381523645
200998715407000,20060000,43.9375,-3.375,-29.9375,53.27427556992211
200998735565000,20158000,44.625,-3.375,-29.6875,53.704086494884166
200998755616000,20051000,45.125,-2.375,-29.6875,54.067124079703
200998775678000,20062000,45.125,-2.125,-28.4375,53.38045200492405
200998795746000,20068000,45.625,-1.6875,-27.9375,53.52562178527214
200998815779000,20033000,45.625,-1.4375,-27.9375,53.51832338087583
200998836101000,20322000,45.625,-1.875,-27.4375,53.272625768306185
200998856132000,20031000,46.125,-2.375,-27.4375,53.72124957826279
200998876187000,20055000,46.625,-2.625,-27.4375,54.16269616858082
200998896497000,20310000,47.125,-2.625,-26.9375,54.34413635572839
200998916439000,19942000,47.875,-2.625,-26.5,54.78280980380616
200998936475000,20036000,48.5625,-2.125,-26.5,55.36318299420654
200998956875000,20400000,48.5625,-2.625,-26.25,55.26544608749666
200998976589000,19714000,48.8125,-2.625,-26.0,55.36741624141405
200998996677000,20088000,48.8125,-2.875,-26.25,55.497642123337094
200999016683000,20006000,48.3125,-3.375,-26.25,55.086756859067314
200999036935000,20252000,49.0625,-3.125,-26.0,55.61379802935599
200999057034000,20099000,49.3125,-2.875,-25.75,55.70503371554496
200999076850000,19816000,49.5625,-2.625,-25.75,55.914171112965626
200999096905000,20055000,50.0625,-1.875,-25.5,56.21405101262495
200999117396000,20491000,49.8125,-1.6875,-25.5,55.98555896389711
200999137377000,19981000,49.3125,-1.6875,-25.75,55.6563815972616
200999157439000,20062000,49.5625,-1.6875,-25.25,55.64936264235198
200999177510000,20071000,49.5625,-1.6875,-25.25,55.64936264235198
200999197564000,20054000,50.0625,-1.875,-25.25,56.10108761200624
200999217655000,20091000,51.0625,-1.6875,-25.0,56.87905205345813
200999237754000,20099000,50.8125,-0.9375,-25.25,56.74814148939153
200999257782000,20028000,51.0625,-1.1875,-24.75,56.75695166673418
200999277837000,20055000,51.0625,-0.6875,-24.75,56.74869216554686
200999297886000,20049000,50.8125,-0.6875,-25.0,56.633760359877215
200999317938000,20052000,51.0625,-1.1875,-24.75,56.75695166673418
200999338012000,20074000,51.3125,-1.1875,-25.0,57.09100465484909
200999358034000,20022000,51.3125,-1.4375,-24.75,56.987731684108994
200999378264000,20230000,51.5625,-1.875,-24.5,57.11792215452169
200999398334000,20070000,51.3125,-1.6875,-25.0,57.10359281603917
200999418482000,20148000,51.3125,-1.1875,-25.25,57.20092055640364
200999438325000,19843000,51.5625,-0.6875,-25.25,57.41712777995779
200999458405000,20080000,51.75,-0.4375,-24.75,57.365637852725044
200999478447000,20042000,52.25,-0.4375,-24.5,57.71051815960415
200999498655000,20208000,52.25,-0.6875,-24.5,57.7129548390134
200999518712000,20057000,52.25,-0.9375,-24.5,57.71647430543553
200999538765000,20053000,51.75,-0.4375,-25.25,57.5831260548609
200999558816000,20051000,51.5625,-0.4375,-25.75,57.63631938717114
200999578869000,20053000,52.0,-0.4375,-25.75,58.02804413600376
200999599032000,20163000,51.75,-0.4375,-25.75,57.80412101442249
200999619094000,20062000,52.25,-0.6875,-26.25,58.47732600119468
200999639894000,20800000,53.0,-0.4375,-26.25,59.146038804386556
200999660007000,20113000,53.25,0.3125,-26.9375,59.67653695130105
200999680472000,20465000,53.5,1.3125,-27.1875,60.02610109360761
200999700063000,19591000,53.5,2.25,-26.9375,59.941149523928885
200999720344000,20281000,53.5,3.25,-26.75,59.903046667093655
200999740218000,19874000,53.25,3.75,-26.0,59.376973651408
200999760255000,20037000,53.5,3.75,-26.0,59.601279348685125
200999780324000,20069000,53.5,4.0,-26.0,59.617530978731416
200999800345000,20021000,53.25,4.0,-26.25,59.50315117705952
200999820449000,20104000,53.25,3.75,-26.0,59.376973651408
200999840500000,20051000,53.25,3.75,-25.75,59.26792977656635
200999860504000,20004000,53.25,4.0,-25.5,59.176114269188034
200999880816000,20312000,53.5,3.75,-25.25,59.277946995488975
200999901025000,20209000,53.25,4.25,-25.5,59.19353849872467
200999920699000,19674000,52.75,5.0,-25.75,58.91201065996644
200999940744000,20045000,53.0,4.75,-26.25,59.33485484940534
200999960792000,20048000,52.5,5.0,-26.25,58.90935833974089
200999980875000,20083000,52.0,5.0,-26.5,58.57687256929991
201000000906000,20031000,52.25,4.75,-26.9375,58.97672342755233
201000021122000,20216000,52.0,4.75,-27.4375,58.98626031755192
201000041172000,20050000,51.5625,5.0,-27.6875,58.73916123422261
201000061237000,20065000,51.5625,5.0,-28.4375,59.096385782042546
201000081289000,20052000,51.3125,5.0,-28.4375,58.878383660729
201000101343000,20054000,51.0625,5.0,-28.4375,58.660636823171295
201000121398000,20055000,51.5625,5.0,-28.9375,59.338607267949925
201000141442000,20044000,51.5625,4.5,-29.1875,59.42096904713016
201000161552000,20110000,51.5625,3.75,-29.4375,59.49218698703217
201000182874000,21322000,51.5625,3.25,-29.4375,59.46276408392062
201000201697000,18823000,51.5625,2.75,-29.4375,59.43753286013813
201000221755000,20058000,51.3125,2.5,-29.1875,59.08580889266051
201000241788000,20033000,51.3125,2.25,-29.4375,59.199675358062564
201000262109000,20321000,51.5625,2.5,-29.4375,59.426490831109994
201000282097000,19988000,51.5625,2.25,-29.6875,59.54075547471665
201000302239000,20142000,51.75,2.0,-29.1875,59.447225807854146
201000322479000,20240000,51.5625,2.0,-28.6875,59.039512722413285
201000342722000,20243000,51.3125,1.3125,-27.9375,58.439705840721
201000364093000,21371000,51.0625,0.3125,-27.4375,57.96803402522808
201000382688000,18595000,51.5625,-0.1875,-27.9375,58.64495262808215
201000402660000,19972000,51.5625,-0.4375,-28.1875,58.765789101738434
201000422729000,20069000,50.8125,-0.4375,-28.6875,58.35301379320523
201000442751000,20022000,51.0625,-0.1875,-29.1875,58.81602008594257
201000462742000,19991000,51.3125,0.0625,-29.4375,59.15693508583757
201000482789000,20047000,51.5625,-0.1875,-29.4375,59.374177625883796
201000503013000,20224000,52.0,-0.4375,-29.6875,59.87937092605433
201000522946000,19933000,51.75,-0.1875,-29.9375,59.78588096281596
201000543039000,20093000,51.0625,-0.1875,-29.9375,59.19178970727275
201000563087000,20048000,51.75,0.0625,-29.9375,59.78561961291361
201000583108000,20021000,52.75,0.5625,-29.9375,60.65585554997968
201000603154000,20046000,54.0,0.0625,-30.1875,61.86508758985151
201000623192000,20038000,55.0,-0.1875,-30.1875,62.74010131088409
201000643332000,20140000,55.25,-0.4375,-30.625,63.171548431631784
201000663661000,20329000,55.25,-0.4375,-30.875,63.29312388601151
201000685142000,21481000,54.75,0.0625,-30.625,62.73322111329849
201000704710000,19568000,54.75,-0.1875,-31.125,62.97907018406988
201000726059000,21349000,54.5,0.0625,-31.125,62.76160873695001
201000744174000,18115000,54.0,-0.1875,-31.125,62.32817004573454
201000764283000,20109000,53.75,0.0625,-31.875,62.49065555145025
201000784312000,20029000,53.25,0.8125,-32.375,62.324660297910974
201000804354000,20042000,53.0,2.0,-32.875,62.400045072099104
201000825258000,20904000,53.25,3.0,-33.375,62.91623896101864
201000844916000,19658000,54.0,4.25,-33.375,63.623526505530954
201000865707000,20791000,54.5,5.25,-33.125,63.992797446275155
201000885607000,19900000,54.25,5.4375,-32.375,63.409538172502096
201000905877000,20270000,54.5,5.9375,-32.375,63.668238009622975
201000925965000,20088000,54.5,5.9375,-31.625,63.29016140957455
201000945969000,20004000,54.75,5.6875,-30.625,62.99048167183674
201000966028000,20059000,55.4375,5.4375,-30.875,63.68789867392392
201000989053000,23025000,55.4375,5.4375,-30.875,63.68789867392392
201001008108000,19055000,55.25,5.0,-31.375,63.733453735067584
201001027984000,19876000,54.75,5.25,-31.875,63.56996637564
201001054216000,26232000,54.0,4.75,-32.125,63.01252355682956
201001068084000,13868000,53.0,4.75,-31.625,61.9007522167542
201001088317000,20233000,53.0,4.5,-31.375,61.75468099666615
201001107945000,19628000,53.5,5.0,-31.375,62.22250898991457
201001128020000,20075000,53.25,5.6875,-31.375,62.06690568451113
201001148106000,20086000,54.25,5.6875,-31.375,62.926947973423914
201001169051000,20945000,54.0,5.9375,-31.625,62.86011876579617
201001189575000,20524000,53.5,5.4375,-31.375,62.25919234338011
201001209460000,19885000,53.75,5.4375,-31.375,62.47415090459413
201001230076000,20616000,53.5,5.25,-31.125,62.11745427011638
201001249818000,19742000,53.5,5.6875,-30.375,61.78380274189992
201001269304000,19486000,53.25,5.4375,-30.875,61.79315925933873
201001291735000,22431000,53.75,5.25,-31.125,62.33290162506475
201001309810000,18075000,53.5,5.0,-32.125,62.60403840807716
201001329677000,19867000,52.75,4.5,-32.875,62.31836105835904
201001349790000,20113000,53.0,4.5,-32.875,62.53011774337227
201001369889000,20099000,52.75,4.25,-32.875,62.30080757903544
201001390478000,20589000,53.0,4.0,-32.375,62.234561338536004
201001410784000,20306000,53.5,3.75,-32.625,62.77501991238235
201001430425000,19641000,53.5,3.75,-32.625,62.77501991238235
201001450441000,20016000,53.25,4.0,-32.375,62.4476030364657
201001470572000,20131000,53.5,4.25,-32.625,62.806871638380464
201001490604000,20032000,54.0,4.25,-31.875,62.84964697593774
201001510758000,20154000,54.5,4.25,-31.625,63.15420116666824
201001530946000,20188000,55.0,3.75,-31.125,63.307409716398915
201001551407000,20461000,55.0,3.5,-30.625,63.048716283521586
201001573266000,21859000,54.25,3.0,-31.125,62.6165163914442
201001591194000,17928000,53.75,2.25,-31.125,62.15215704221375
201001611223000,20029000,53.25,1.8125,-31.625,61.959569730994744
201001631307000,20084000,52.75,1.5625,-31.625,61.523528273742556
201001652521000,21214000,53.0,1.8125,-30.875,61.364083805186894
201001671730000,19209000,52.75,2.0,-31.125,61.28073208603174
201001692019000,20289000,53.0,2.0,-31.125,61.49606186578129
201001712531000,20512000,53.5,1.5625,-31.125,61.91491767942521
201001733428000,20897000,54.0,1.5625,-31.375,62.47265026593637
201001753871000,20443000,54.25,1.3125,-31.375,62.68313793397711
201001774081000,20210000,54.5,1.0625,-31.125,62.77057058247917
201001794595000,20514000,54.25,1.5625,-31.125,62.564123355562174
201001815289000,20694000,54.0,1.3125,-30.875,62.21726674525328
201001835576000,20287000,54.0,1.3125,-30.875,62.21726674525328
201001857945000,22369000,53.0,1.5625,-30.875,61.357208470154504
201001877512000,19567000,52.75,1.3125,-30.875,61.135511621724405
201001897804000,20292000,52.25,1.3125,-31.625,61.08948994098739
201001917661000,19857000,52.0,1.3125,-31.625,60.875802099438495
201001937705000,20044000,52.25,1.3125,-31.875,61.219284390214824
201001957764000,20059000,52.0,1.8125,-32.375,61.28152887493914
201001977870000,20106000,52.0,2.0,-32.375,61.287361054298955
201001998561000,20691000,52.0,2.5,-32.625,61.43810401534214
201002018446000,19885000,52.0,3.25,-32.375,61.34087646097014
201002038852000,20406000,52.25,3.5,-31.875,61.30520471379245
201002061242000,22390000,52.75,3.75,-31.375,61.48996361195866
201002078533000,17291000,52.0,4.0,-30.875,60.60747169285318
201002098547000,20014000,51.75,3.75,-30.875,60.377070357876754
201002118586000,20039000,51.75,3.5,-30.875,60.36205865442298
201002138728000,20142000,51.3125,3.75,-31.125,60.13152901140965
201002158695000,19967000,51.75,3.75,-31.375,60.634277640621725
201002179052000,20357000,53.0,4.0,-31.375,61.72026105745179
201002199492000,20440000,53.25,4.25,-31.125,61.82548523869424
201002221232000,21740000,53.5,4.75,-30.875,61.95222453633122
201002240260000,19028000,53.75,4.75,-30.625,62.04446490219736
201002259805000,19545000,53.25,5.0,-30.625,61.631591939524
201002279946000,20141000,52.75,5.25,-31.125,61.472681940842634
201002300444000,20498000,52.75,5.0,-31.625,61.706588991776236
201002320678000,20234000,52.75,5.0,-31.375,61.57883666488025
201002340429000,19751000,52.5,5.0,-31.375,61.36481585566765
201002363198000,22769000,53.0,5.0,-31.875,62.04849413966466
201002381804000,18606000,52.75,5.25,-31.375,61.599639812258644
201002401216000,19412000,52.75,5.0,-31.625,61.706588991776236
201002421004000,19788000,52.25,4.75,-31.625,61.25982064126535
201002440675000,19671000,51.3125,4.5,-31.375,60.312629533539656
201002460726000,20051000,51.3125,4.0,-31.875,60.539146684191046
201002480819000,20093000,50.3125,3.75,-32.125,59.811585677442125
201002500857000,20038000,50.3125,3.5,-32.375,59.931112798362086
201002520890000,20033000,50.8125,3.5,-32.125,60.21773643412711
201002540961000,20071000,50.8125,3.75,-31.875,60.09981931129244
201002561210000,20249000,51.3125,4.0,-31.875,60.539146684191046
201002581241000,20031000,51.3125,4.0,-31.625,60.40789088562851
201002601206000,19965000,50.5625,3.75,-31.375,59.623984530136866
201002621431000,20225000,50.3125,3.0,-30.875,59.10679555897105
201002641473000,20042000,50.5625,2.75,-30.375,59.04887408960479
201002662096000,20623000,50.5625,2.5,-30.1875,58.94150967272555
201002681837000,19741000,51.3125,2.25,-30.1875,59.5761723552294
201002702515000,20678000,51.5625,2.5,-30.625,60.02359562080566
201002723777000,21262000,51.5625,2.25,-30.625,60.01370286234636
201002743558000,19781000,51.5625,2.25,-30.875,60.14166219227732
201002762090000,18532000,51.5625,2.25,-30.375,59.886513767709005
201002782116000,20026000,51.5625,2.5,-29.6875,59.55072680077045
201002802829000,20713000,51.3125,2.75,-29.9375,59.47090938013307
201002822491000,19662000,51.0625,3.0,-30.375,59.48965902785122
201002842409000,19918000,50.8125,3.25,-30.875,59.54610214993085
201002863158000,20749000,50.3125,2.75,-31.625,59.489921677961554
201002883245000,20087000,50.5625,2.5,-32.125,59.95691812668493
201002904045000,20800000,50.8125,2.5,-31.875,60.0347880919888
201002923082000,19037000,51.0625,2.25,-32.125,60.369338502670374
201002943295000,20213000,50.5625,2.5,-31.875,59.82334018800689
201002965233000,21938000,50.3125,2.5,-31.625,59.47888937471849
201002984202000,18969000,50.0625,2.25,-31.625,59.257548306101896
201003003539000,19337000,49.0625,2.5,-31.875,58.56103253230769
201003023775000,20236000,48.3125,2.75,-31.875,57.94545522515118
201003043899000,20124000,47.875,3.25,-31.625,57.469285274831805
201003063872000,19973000,48.125,3.25,-31.625,57.6777145004897
201003083777000,19905000,47.875,3.5,-31.625,57.48396515551097
201003103825000,20048000,48.8125,3.75,-31.875,58.41864669136046
201003123872000,20047000,49.0625,4.75,-32.375,58.97314669618707
201003144452000,20580000,48.5625,5.6875,-31.875,58.36676869161081
201003164094000,19642000,49.8125,6.1875,-31.625,59.327151773028845
201003184508000,20414000,50.3125,6.4375,-31.375,59.64209660550172
201003204852000,20344000,50.3125,6.1875,-30.875,59.35400944755123
201003225971000,21119000,50.8125,5.9375,-31.625,60.14403285031691
201003245438000,19467000,50.3125,6.1875,-31.375,59.615630815248444
201003265822000,20384000,50.0625,6.1875,-31.625,59.53721262790189
201003286106000,20284000,50.0625,5.9375,-31.875,59.6449783091586
201003306567000,20461000,50.0625,6.4375,-31.125,59.299754953119326
201003326076000,19509000,50.0625,6.4375,-31.625,59.56371326151518
201003346281000,20205000,50.0625,6.6875,-32.125,59.858100433441756
201003366621000,20340000,50.3125,6.6875,-32.125,60.06734501790469
201003387229000,20608000,50.0625,6.6875,-32.625,60.12792352559666
201003406679000,19450000,50.3125,6.1875,-32.125,60.01373540698829
201003428219000,21540000,50.8125,6.1875,-32.375,60.56678906380955
201003448866000,20647000,50.3125,6.4375,-32.375,60.174161294529064
201003467607000,18741000,50.3125,5.9375,-32.625,60.257714755041945
201003487966000,20359000,50.0625,6.1875,-33.375,60.484954224170494
201003508496000,20530000,49.5625,5.9375,-32.875,59.77006723687033
201003529242000,20746000,49.3125,5.9375,-32.875,59.56292628388904
201003548748000,19506000,49.0625,5.9375,-33.125,59.494944638179135
201003568486000,19738000,48.3125,5.6875,-32.625,58.57333811129429
201003588531000,20045000,47.375,5.4375,-32.375,57.63764096707984
201003608797000,20266000,46.625,5.4375,-32.625,57.165091238009936
201003628591000,19794000,46.375,5.6875,-32.375,56.84301985512381
201003648631000,20040000,46.625,5.6875,-32.375,57.04716387560384
201003668775000,20144000,47.625,5.9375,-32.375,57.89244472511072
201003688902000,20127000,49.0625,5.9375,-32.125,58.9440280053883
201003709328000,20426000,49.8125,5.6875,-32.125,59.54534774018874
201003730194000,20866000,50.3125,5.4375,-31.875,59.80743839607244
201003749797000,19603000,50.0625,4.5,-31.625,59.385558271771764
201003771250000,21453000,49.8125,3.5,-31.125,58.84131865662088
201003789760000,18510000,49.8125,2.75,-30.625,58.5383488087083
201003809868000,20108000,50.0625,2.25,-30.625,58.72995003616128
201003829910000,20042000,50.3125,2.75,-30.375,58.83494523877795
201003850034000,20124000,49.8125,2.75,-31.125,58.80147346155537
201003870044000,20010000,49.0625,2.75,-31.375,58.30164689998045
201003890083000,20039000,47.875,2.75,-31.625,57.4431784461828
201003910631000,20548000,47.625,2.5,-32.375,57.64140222097308
201003932095000,21464000,47.625,2.75,-31.875,57.373502159097804
201003951996000,19901000,47.875,2.25,-31.625,57.42141368862317
201003971400000,19404000,48.125,2.5,-31.625,57.64031792070547
201003991211000,19811000,47.375,2.25,-31.375,56.86689502689592
201004011668000,20457000,47.625,2.0,-31.625,57.203856950384036
201004032223000,20555000,47.375,2.5,-31.625,57.01562285900243
201004051517000,19294000,48.125,2.25,-31.375,57.493206120375646
201004072826000,21309000,48.3125,2.25,-31.625,57.78668342490335
201004091973000,19147000,48.125,2.5,-31.625,57.64031792070547
201004113596000,21623000,47.875,2.5,-32.125,57.708589048771586
201004131785000,18189000,46.375,2.5,-32.375,56.61299541624697
201004151847000,20062000,46.625,2.75,-32.375,56.82951477885413
201004172023000,20176000,45.625,2.5,-32.125,55.85612097165359
201004192039000,20016000,45.375,2.75,-32.625,55.95394311395757
201004212007000,19968000,45.875,2.75,-32.875,56.505254180474225
201004232054000,20047000,44.875,3.0,-32.875,55.709346163817074
201004252094000,20040000,45.375,3.5,-32.875,56.14184045789735
201004273663000,21569000,45.375,4.25,-32.375,55.90253795669746
201004292952000,19289000,44.875,5.4375,-32.375,55.60101308654367
201004312851000,19899000,45.625,5.6875,-31.625,55.804380708417504
201004333600000,20749000,45.375,5.6875,-31.625,55.60017001997386
201004353976000,20376000,45.125,5.25,-31.125,55.06899082060611
201004373367000,19391000,45.625,4.75,-30.875,55.29438262608599
201004393403000,20036000,45.375,4.5,-31.125,55.207845909798
201004414267000,20864000,45.375,4.5,-31.625,55.49127183620862
201004434619000,20352000,45.875,4.25,-32.375,56.30913558207052
201004453888000,19269000,45.375,4.0,-32.125,55.73962908021545
201004473959000,20071000,45.375,3.5,-32.625,55.99581457573414
201004494471000,20512000,45.625,3.0,-32.125,55.88073236814278
201004516062000,21591000,45.125,2.5,-31.625,55.16027782743666
201004536230000,20168000,45.375,2.5,-31.375,55.22256105976977
201004557626000,21396000,44.875,2.5,-30.875,54.527802541455856
201004576988000,19362000,44.4375,2.0,-30.875,54.147548709521466
201004597036000,20048000,43.9375,1.3125,-30.875,53.716777523414414
201004616628000,19592000,42.6875,-0.1875,-30.625,52.53711485702274
201004636664000,20036000,42.1875,-1.4375,-30.375,52.00473235677692
201004656652000,19988000,41.9375,-2.375,-29.9375,51.581473781775564
201004676728000,20076000,41.4375,-2.875,-29.4375,50.91069079770967
201004696763000,20035000,42.1875,-3.875,-29.9375,51.87537650465777
201004717423000,20660000,42.1875,-4.625,-29.6875,51.79308291171708
201004738135000,20712000,41.9375,-5.5625,-29.6875,51.68213394152761
201004757422000,19287000,42.4375,-7.3125,-29.1875,52.02234345692243
201004779492000,22070000,41.6875,-8.5625,-28.6875,51.32384162112186
201004800184000,20692000,41.0,-9.75,-28.1875,50.70106168760177
201004818178000,17994000,40.75,-11.25,-27.6875,50.5343710